country,topic_l2,status,2024_resolution_count,2025_resolution_count,resolution_count_change,2024_recorded_vote_count,2025_recorded_vote_count,recorded_vote_count_change,2024_not_recorded_count,2025_not_recorded_count,not_recorded_count_change,2024_country_missing_count,2025_country_missing_count,country_missing_count_change,2024_unknown_vote_count,2025_unknown_vote_count,unknown_vote_count_change,2024_yes_count,2025_yes_count,yes_count_change,2024_yes_pct,2025_yes_pct,yes_pct_change_pp,2024_abstain_count,2025_abstain_count,abstain_count_change,2024_abstain_pct,2025_abstain_pct,abstain_pct_change_pp,2024_no_count,2025_no_count,no_count_change,2024_no_pct,2025_no_pct,no_pct_change_pp,abs_yes_pct_change_pp
CPV,"POLITICAL CONDITIONS, INSTITUTIONS, MOVEMENTS",PRESENT_IN_BOTH,28,53,25,26,50,24,2,2,0,0,1,1,0,0,0,26,50,24,100.00,100.00,0.00,0,0,0,0.00,0.00,0.00,0,0,0,0.00,0.00,0.00,0.00
CPV,INTERNATIONAL RELATIONS,PRESENT_IN_BOTH,28,48,20,21,45,24,7,2,-5,0,1,1,0,0,0,21,45,24,100.00,100.00,0.00,0,0,0,0.00,0.00,0.00,0,0,0,0.00,0.00,0.00,0.00
CPV,MAINTENANCE OF PEACE AND SECURITY,PRESENT_IN_BOTH,29,47,18,22,45,23,7,0,-7,0,2,2,0,0,0,22,45,23,100.00,100.00,0.00,0,0,0,0.00,0.00,0.00,0,0,0,0.00,0.00,0.00,0.00
CPV,DEVELOPMENT,PRESENT_IN_BOTH,7,44,37,7,44,37,0,0,0,0,0,0,0,0,0,7,44,37,100.00,100.00,0.00,0,0,0,0.00,0.00,0.00,0,0,0,0.00,0.00,0.00,0.00
CPV,INTERNATIONAL LAW,PRESENT_IN_BOTH,10,44,34,9,43,34,1,0,-1,0,1,1,0,0,0,9,43,34,100.00,100.00,0.00,0,0,0,0.00,0.00,0.00,0,0,0,0.00,0.00,0.00,0.00
CPV,DISARMAMENT AND MILITARY QUESTIONS,PRESENT_IN_BOTH,41,42,1,33,41,8,8,0,-8,0,1,1,0,0,0,33,41,8,100.00,100.00,0.00,0,0,0,0.00,0.00,0.00,0,0,0,0.00,0.00,0.00,0.00
CPV,ENVIRONMENT,PRESENT_IN_BOTH,3,25,22,3,25,22,0,0,0,0,0,0,0,0,0,3,25,22,100.00,100.00,0.00,0,0,0,0.00,0.00,0.00,0,0,0,0.00,0.00,0.00,0.00
CPV,SOCIAL DEVELOPMENT,PRESENT_IN_BOTH,8,24,16,7,24,17,1,0,-1,0,0,0,0,0,0,7,24,17,100.00,100.00,0.00,0,0,0,0.00,0.00,0.00,0,0,0,0.00,0.00,0.00,0.00
CPV,POLITICAL EVENTS AND ISSUES,PRESENT_IN_BOTH,14,21,7,13,20,7,1,1,0,0,0,0,0,0,0,13,20,7,100.00,100.00,0.00,0,0,0,0.00,0.00,0.00,0,0,0,0.00,0.00,0.00,0.00
CPV,HUMAN RIGHTS,PRESENT_IN_BOTH,13,19,6,12,18,6,1,0,-1,0,1,1,0,0,0,12,18,6,100.00,100.00,0.00,0,0,0,0.00,0.00,0.00,0,0,0,0.00,0.00,0.00,0.00
CPV,WELFARE AND SOCIAL SERVICES,PRESENT_IN_BOTH,2,14,12,1,14,13,1,0,-1,0,0,0,0,0,0,1,14,13,100.00,100.00,0.00,0,0,0,0.00,0.00,0.00,0,0,0,0.00,0.00,0.00,0.00
CPV,"DECOLONIZATION, TRUSTEESHIP AND APARTHIED",PRESENT_IN_BOTH,14,11,-3,14,10,-4,0,0,0,0,1,1,0,0,0,14,10,-4,100.00,100.00,0.00,0,0,0,0.00,0.00,0.00,0,0,0,0.00,0.00,0.00,0.00
CPV,DEVELOPMENT FINANCE,PRESENT_IN_BOTH,2,11,9,2,11,9,0,0,0,0,0,0,0,0,0,2,11,9,100.00,100.00,0.00,0,0,0,0.00,0.00,0.00,0,0,0,0.00,0.00,0.00,0.00
CPV,ECONOMIC CONDITIONS,PRESENT_IN_BOTH,2,11,9,2,11,9,0,0,0,0,0,0,0,0,0,2,11,9,100.00,100.00,0.00,0,0,0,0.00,0.00,0.00,0,0,0,0.00,0.00,0.00,0.00
CPV,RESOURCES (GENERAL),PRESENT_IN_BOTH,1,9,8,1,9,8,0,0,0,0,0,0,0,0,0,1,9,8,100.00,100.00,0.00,0,0,0,0.00,0.00,0.00,0,0,0,0.00,0.00,0.00,0.00
CPV,DISCRIMINATION,PRESENT_IN_BOTH,6,8,2,5,8,3,1,0,-1,0,0,0,0,0,0,5,8,3,100.00,100.00,0.00,0,0,0,0.00,0.00,0.00,0,0,0,0.00,0.00,0.00,0.00
CPV,PROTECTION OF AND ASSISTANCE TO REFUGEES AND DISPLACED PERSONS,PRESENT_IN_BOTH,5,8,3,4,8,4,1,0,-1,0,0,0,0,0,0,4,8,4,100.00,100.00,0.00,0,0,0,0.00,0.00,0.00,0,0,0,0.00,0.00,0.00,0.00
CPV,MARINE RESOURCES,PRESENT_IN_BOTH,3,7,4,3,7,4,0,0,0,0,0,0,0,0,0,3,7,4,100.00,100.00,0.00,0,0,0,0.00,0.00,0.00,0,0,0,0.00,0.00,0.00,0.00
CPV,DEVELOPMENT AND TRANSFER OF TECHNOLOGY AND PROMOTION OF SCIENCE,PRESENT_IN_BOTH,1,6,5,1,6,5,0,0,0,0,0,0,0,0,0,1,6,5,100.00,100.00,0.00,0,0,0,0.00,0.00,0.00,0,0,0,0.00,0.00,0.00,0.00
CPV,GENERAL INTERNATIONAL TRADE AND TRADE POLICY,PRESENT_IN_BOTH,3,5,2,3,5,2,0,0,0,0,0,0,0,0,0,3,5,2,100.00,100.00,0.00,0,0,0,0.00,0.00,0.00,0,0,0,0.00,0.00,0.00,0.00
CPV,SPACE SCIENCES,PRESENT_IN_BOTH,1,5,4,1,5,4,0,0,0,0,0,0,0,0,0,1,5,4,100.00,100.00,0.00,0,0,0,0.00,0.00,0.00,0,0,0,0.00,0.00,0.00,0.00
CPV,WILDLIFE,PRESENT_IN_BOTH,1,4,3,1,4,3,0,0,0,0,0,0,0,0,0,1,4,3,100.00,100.00,0.00,0,0,0,0.00,0.00,0.00,0,0,0,0.00,0.00,0.00,0.00
CPV,WOMEN'S ADVANCEMENT,PRESENT_IN_BOTH,1,4,3,1,3,2,0,0,0,0,1,1,0,0,0,1,3,2,100.00,100.00,0.00,0,0,0,0.00,0.00,0.00,0,0,0,0.00,0.00,0.00,0.00
CPV,ENERGY RESOURCES,PRESENT_IN_BOTH,1,3,2,1,3,2,0,0,0,0,0,0,0,0,0,1,3,2,100.00,100.00,0.00,0,0,0,0.00,0.00,0.00,0,0,0,0.00,0.00,0.00,0.00
CPV,NUCLEAR SCIENCE,PRESENT_IN_BOTH,4,3,-1,2,2,0,2,0,-2,0,1,1,0,0,0,2,2,0,100.00,100.00,0.00,0,0,0,0.00,0.00,0.00,0,0,0,0.00,0.00,0.00,0.00
CPV,POLLUTION,PRESENT_IN_BOTH,3,3,0,3,3,0,0,0,0,0,0,0,0,0,0,3,3,0,100.00,100.00,0.00,0,0,0,0.00,0.00,0.00,0,0,0,0.00,0.00,0.00,0.00
CPV,LAW OF THE SEA,PRESENT_IN_BOTH,1,2,1,1,2,1,0,0,0,0,0,0,0,0,0,1,2,1,100.00,100.00,0.00,0,0,0,0.00,0.00,0.00,0,0,0,0.00,0.00,0.00,0.00
CPV,WATER,PRESENT_IN_BOTH,2,2,0,2,2,0,0,0,0,0,0,0,0,0,0,2,2,0,100.00,100.00,0.00,0,0,0,0.00,0.00,0.00,0,0,0,0.00,0.00,0.00,0.00
CPV,ECONOMIC THEORY,PRESENT_IN_BOTH,1,1,0,1,1,0,0,0,0,0,0,0,0,0,0,1,1,0,100.00,100.00,0.00,0,0,0,0.00,0.00,0.00,0,0,0,0.00,0.00,0.00,0.00
CPV,MINERAL RESOURCES,PRESENT_IN_BOTH,1,1,0,1,1,0,0,0,0,0,0,0,0,0,0,1,1,0,100.00,100.00,0.00,0,0,0,0.00,0.00,0.00,0,0,0,0.00,0.00,0.00,0.00
CPV,TRADE RELATED FINANCE,PRESENT_IN_BOTH,1,1,0,1,1,0,0,0,0,0,0,0,0,0,0,1,1,0,100.00,100.00,0.00,0,0,0,0.00,0.00,0.00,0,0,0,0.00,0.00,0.00,0.00
CPV,GENERAL AND NATIONAL LAW,PRESENT_IN_BOTH,1,8,7,0,8,8,1,0,-1,0,0,0,0,0,0,0,8,8,,100.00,,0,0,0,,0.00,,0,0,0,,0.00,,
CPV,COMPUTER SCIENCE AND TECHNOLOGY,PRESENT_IN_BOTH,1,6,5,0,6,6,1,0,-1,0,0,0,0,0,0,0,6,6,,100.00,,0,0,0,,0.00,,0,0,0,,0.00,,
CPV,PUBLIC FINANCE,PRESENT_IN_BOTH,1,4,3,0,4,4,1,0,-1,0,0,0,0,0,0,0,4,4,,100.00,,0,0,0,,0.00,,0,0,0,,0.00,,
CPV,RECOMMENDATIONS,PRESENT_IN_BOTH,1,1,0,1,0,-1,0,1,1,0,0,0,0,0,0,1,0,-1,100.00,,,0,0,0,0.00,,,0,0,0,0.00,,,
CPV,TAXATION,PRESENT_IN_BOTH,1,1,0,0,1,1,1,0,-1,0,0,0,0,0,0,0,1,1,,100.00,,0,0,0,,0.00,,0,0,0,,0.00,,
CPV,AGRICULTURAL ECONOMICS AND POLICY; RURAL SOCIOLOGY,NEW_IN_2025,0,6,6,0,6,6,0,0,0,0,0,0,0,0,0,0,6,6,,100.00,,0,0,0,,0.00,,0,0,0,,0.00,,
CPV,"DISASTER PREVENTION, PREPAREDNESS AND RELIEF",NEW_IN_2025,0,5,5,0,5,5,0,0,0,0,0,0,0,0,0,0,5,5,,100.00,,0,0,0,,0.00,,0,0,0,,0.00,,
CPV,"LAND, PLANT AND SOIL RESOURCES",NEW_IN_2025,0,5,5,0,5,5,0,0,0,0,0,0,0,0,0,0,5,5,,100.00,,0,0,0,,0.00,,0,0,0,,0.00,,
CPV,SPECIAL HUMANITARIAN OPERATIONS,NEW_IN_2025,0,5,5,0,5,5,0,0,0,0,0,0,0,0,0,0,5,5,,100.00,,0,0,0,,0.00,,0,0,0,,0.00,,
CPV,DISEASE PREVENTION AND CONTROL,NEW_IN_2025,0,4,4,0,4,4,0,0,0,0,0,0,0,0,0,0,4,4,,100.00,,0,0,0,,0.00,,0,0,0,,0.00,,
CPV,DISEASES AND CARRIERS OF DISEASES,NEW_IN_2025,0,4,4,0,4,4,0,0,0,0,0,0,0,0,0,0,4,4,,100.00,,0,0,0,,0.00,,0,0,0,,0.00,,
CPV,BANKING AND INVESTMENT,NEW_IN_2025,0,3,3,0,3,3,0,0,0,0,0,0,0,0,0,0,3,3,,100.00,,0,0,0,,0.00,,0,0,0,,0.00,,
CPV,COMPREHENSIVE HEALTH SERVICES,NEW_IN_2025,0,3,3,0,3,3,0,0,0,0,0,0,0,0,0,0,3,3,,100.00,,0,0,0,,0.00,,0,0,0,,0.00,,
CPV,CULTURAL DEVELOPMENT,NEW_IN_2025,0,3,3,0,2,2,0,1,1,0,0,0,0,0,0,0,2,2,,100.00,,0,0,0,,0.00,,0,0,0,,0.00,,
CPV,EDUCATIONAL POLICY AND PLANNING,NEW_IN_2025,0,3,3,0,3,3,0,0,0,0,0,0,0,0,0,0,3,3,,100.00,,0,0,0,,0.00,,0,0,0,,0.00,,
CPV,PHILOSOPHY AND RELIGION,NEW_IN_2025,0,3,3,0,2,2,0,1,1,0,0,0,0,0,0,0,2,2,,100.00,,0,0,0,,0.00,,0,0,0,,0.00,,
CPV,TRADE IN MANUFACTURES; BARRIERS TO TRADE,NEW_IN_2025,0,3,3,0,3,3,0,0,0,0,0,0,0,0,0,0,3,3,,100.00,,0,0,0,,0.00,,0,0,0,,0.00,,
CPV,TRANSPORT POLICY AND PLANNING,NEW_IN_2025,0,3,3,0,3,3,0,0,0,0,0,0,0,0,0,0,3,3,,100.00,,0,0,0,,0.00,,0,0,0,,0.00,,
CPV,COMMUNICATION AND MASS MEDIA,NEW_IN_2025,0,2,2,0,2,2,0,0,0,0,0,0,0,0,0,0,2,2,,100.00,,0,0,0,,0.00,,0,0,0,,0.00,,
CPV,CONSUMERS AND COOPERATIVES,NEW_IN_2025,0,2,2,0,2,2,0,0,0,0,0,0,0,0,0,0,2,2,,100.00,,0,0,0,,0.00,,0,0,0,,0.00,,
CPV,FOOD AND NUTRITION,NEW_IN_2025,0,2,2,0,2,2,0,0,0,0,0,0,0,0,0,0,2,2,,100.00,,0,0,0,,0.00,,0,0,0,,0.00,,
CPV,SPECIAL CATEGORIES OF WORKERS,NEW_IN_2025,0,2,2,0,2,2,0,0,0,0,0,0,0,0,0,0,2,2,,100.00,,0,0,0,,0.00,,0,0,0,,0.00,,
CPV,"AGRICULTURAL SCIENCES, ENGINEERING AND EDUCATION",NEW_IN_2025,0,1,1,0,1,1,0,0,0,0,0,0,0,0,0,0,1,1,,100.00,,0,0,0,,0.00,,0,0,0,,0.00,,
CPV,COMMODITIES,NEW_IN_2025,0,1,1,0,1,1,0,0,0,0,0,0,0,0,0,0,1,1,,100.00,,0,0,0,,0.00,,0,0,0,,0.00,,
CPV,CRIME AND CRIMINAL JUSTICE,NEW_IN_2025,0,1,1,0,1,1,0,0,0,0,0,0,0,0,0,0,1,1,,100.00,,0,0,0,,0.00,,0,0,0,,0.00,,
CPV,CROP MANAGEMENT,NEW_IN_2025,0,1,1,0,1,1,0,0,0,0,0,0,0,0,0,0,1,1,,100.00,,0,0,0,,0.00,,0,0,0,,0.00,,
CPV,EMPLOYMENT PROMOTION AND PLANNING,NEW_IN_2025,0,1,1,0,1,1,0,0,0,0,0,0,0,0,0,0,1,1,,100.00,,0,0,0,,0.00,,0,0,0,,0.00,,
CPV,FORESTRY,NEW_IN_2025,0,1,1,0,1,1,0,0,0,0,0,0,0,0,0,0,1,1,,100.00,,0,0,0,,0.00,,0,0,0,,0.00,,
CPV,GEOGRAPHY,NEW_IN_2025,0,1,1,0,1,1,0,0,0,0,0,0,0,0,0,0,1,1,,100.00,,0,0,0,,0.00,,0,0,0,,0.00,,
CPV,HOUSING,NEW_IN_2025,0,1,1,0,1,1,0,0,0,0,0,0,0,0,0,0,1,1,,100.00,,0,0,0,,0.00,,0,0,0,,0.00,,
CPV,LAND FORMS AND ECOSYSTEMS,NEW_IN_2025,0,1,1,0,1,1,0,0,0,0,0,0,0,0,0,0,1,1,,100.00,,0,0,0,,0.00,,0,0,0,,0.00,,
CPV,LAND TRANSPORT,NEW_IN_2025,0,1,1,0,1,1,0,0,0,0,0,0,0,0,0,0,1,1,,100.00,,0,0,0,,0.00,,0,0,0,,0.00,,
CPV,LANGUAGE,NEW_IN_2025,0,1,1,0,1,1,0,0,0,0,0,0,0,0,0,0,1,1,,100.00,,0,0,0,,0.00,,0,0,0,,0.00,,
CPV,LAW OF WAR,NEW_IN_2025,0,1,1,0,1,1,0,0,0,0,0,0,0,0,0,0,1,1,,100.00,,0,0,0,,0.00,,0,0,0,,0.00,,
CPV,"LEISURE, RECREATION AND SPORTS",NEW_IN_2025,0,1,1,0,1,1,0,0,0,0,0,0,0,0,0,0,1,1,,100.00,,0,0,0,,0.00,,0,0,0,,0.00,,
CPV,MONETARY ISSUES,NEW_IN_2025,0,1,1,0,1,1,0,0,0,0,0,0,0,0,0,0,1,1,,100.00,,0,0,0,,0.00,,0,0,0,,0.00,,
CPV,PERSONS WITH DISABILITIES,NEW_IN_2025,0,1,1,0,1,1,0,0,0,0,0,0,0,0,0,0,1,1,,100.00,,0,0,0,,0.00,,0,0,0,,0.00,,
CPV,PSYCHOLOGY,NEW_IN_2025,0,1,1,0,1,1,0,0,0,0,0,0,0,0,0,0,1,1,,100.00,,0,0,0,,0.00,,0,0,0,,0.00,,
CPV,SETTLEMENT PLANNING,NEW_IN_2025,0,1,1,0,1,1,0,0,0,0,0,0,0,0,0,0,1,1,,100.00,,0,0,0,,0.00,,0,0,0,,0.00,,
CPV,SPECIAL ECONOMIC AREAS,NEW_IN_2025,0,1,1,0,1,1,0,0,0,0,0,0,0,0,0,0,1,1,,100.00,,0,0,0,,0.00,,0,0,0,,0.00,,
CPV,STATISTICS,NEW_IN_2025,0,1,1,0,1,1,0,0,0,0,0,0,0,0,0,0,1,1,,100.00,,0,0,0,,0.00,,0,0,0,,0.00,,
CPV,TELECOMMUNICATIONS,NEW_IN_2025,0,1,1,0,1,1,0,0,0,0,0,0,0,0,0,0,1,1,,100.00,,0,0,0,,0.00,,0,0,0,,0.00,,
CPV,TRADE IN COMMODITIES,NEW_IN_2025,0,1,1,0,1,1,0,0,0,0,0,0,0,0,0,0,1,1,,100.00,,0,0,0,,0.00,,0,0,0,,0.00,,
CPV,INTERNATIONAL TRADE LAW,DROPPED_FROM_2024,1,0,-1,0,0,0,1,0,-1,0,0,0,0,0,0,0,0,0,,,,0,0,0,,,,0,0,0,,,,
USA,GENERAL AND NATIONAL LAW,PRESENT_IN_BOTH,1,8,7,1,8,7,0,0,0,0,0,0,0,0,0,1,0,-1,100.00,0.00,-100.00,0,0,0,0.00,0.00,0.00,0,8,8,0.00,100.00,100.00,100.00
USA,COMPUTER SCIENCE AND TECHNOLOGY,PRESENT_IN_BOTH,1,6,5,1,6,5,0,0,0,0,0,0,0,0,0,1,0,-1,100.00,0.00,-100.00,0,0,0,0.00,0.00,0.00,0,6,6,0.00,100.00,100.00,100.00
USA,SPACE SCIENCES,PRESENT_IN_BOTH,1,5,4,1,5,4,0,0,0,0,0,0,0,0,0,1,0,-1,100.00,0.00,-100.00,0,0,0,0.00,0.00,0.00,0,5,5,0.00,100.00,100.00,100.00
USA,PUBLIC FINANCE,PRESENT_IN_BOTH,1,4,3,1,4,3,0,0,0,0,0,0,0,0,0,1,0,-1,100.00,0.00,-100.00,0,0,0,0.00,0.00,0.00,0,4,4,0.00,100.00,100.00,100.00
USA,WILDLIFE,PRESENT_IN_BOTH,1,4,3,1,4,3,0,0,0,0,0,0,0,0,0,1,0,-1,100.00,0.00,-100.00,0,1,1,0.00,25.00,25.00,0,3,3,0.00,75.00,75.00,100.00
USA,WOMEN'S ADVANCEMENT,PRESENT_IN_BOTH,1,4,3,1,4,3,0,0,0,0,0,0,0,0,0,1,0,-1,100.00,0.00,-100.00,0,0,0,0.00,0.00,0.00,0,4,4,0.00,100.00,100.00,100.00
USA,ENERGY RESOURCES,PRESENT_IN_BOTH,1,3,2,1,3,2,0,0,0,0,0,0,0,0,0,1,0,-1,100.00,0.00,-100.00,0,0,0,0.00,0.00,0.00,0,3,3,0.00,100.00,100.00,100.00
USA,LAW OF THE SEA,PRESENT_IN_BOTH,1,2,1,1,2,1,0,0,0,0,0,0,0,0,0,1,0,-1,100.00,0.00,-100.00,0,2,2,0.00,100.00,100.00,0,0,0,0.00,0.00,0.00,100.00
USA,WATER,PRESENT_IN_BOTH,2,2,0,2,2,0,0,0,0,0,0,0,0,0,0,2,0,-2,100.00,0.00,-100.00,0,0,0,0.00,0.00,0.00,0,2,2,0.00,100.00,100.00,100.00
USA,MINERAL RESOURCES,PRESENT_IN_BOTH,1,1,0,1,1,0,0,0,0,0,0,0,0,0,0,1,0,-1,100.00,0.00,-100.00,0,0,0,0.00,0.00,0.00,0,1,1,0.00,100.00,100.00,100.00
USA,RECOMMENDATIONS,PRESENT_IN_BOTH,1,1,0,1,1,0,0,0,0,0,0,0,0,0,0,1,0,-1,100.00,0.00,-100.00,0,0,0,0.00,0.00,0.00,0,1,1,0.00,100.00,100.00,100.00
USA,ENVIRONMENT,PRESENT_IN_BOTH,3,25,22,3,25,22,0,0,0,0,0,0,0,0,0,2,0,-2,66.67,0.00,-66.67,1,3,2,33.33,12.00,-21.33,0,22,22,0.00,88.00,88.00,66.67
USA,MARINE RESOURCES,PRESENT_IN_BOTH,3,7,4,3,7,4,0,0,0,0,0,0,0,0,0,2,0,-2,66.67,0.00,-66.67,0,2,2,0.00,28.57,28.57,1,5,4,33.33,71.43,38.10,66.67
USA,NUCLEAR SCIENCE,PRESENT_IN_BOTH,4,3,-1,3,3,0,1,0,-1,0,0,0,0,0,0,2,0,-2,66.67,0.00,-66.67,0,0,0,0.00,0.00,0.00,1,3,2,33.33,100.00,66.67,66.67
USA,WELFARE AND SOCIAL SERVICES,PRESENT_IN_BOTH,2,14,12,2,14,12,0,0,0,0,0,0,0,0,0,1,0,-1,50.00,0.00,-50.00,1,0,-1,50.00,0.00,-50.00,0,14,14,0.00,100.00,100.00,50.00
USA,INTERNATIONAL LAW,PRESENT_IN_BOTH,10,44,34,10,44,34,0,0,0,0,0,0,0,0,0,4,2,-2,40.00,4.55,-35.45,2,4,2,20.00,9.09,-10.91,4,38,34,40.00,86.36,46.36,35.45
USA,POLLUTION,PRESENT_IN_BOTH,3,3,0,3,3,0,0,0,0,0,0,0,0,0,0,1,0,-1,33.33,0.00,-33.33,1,1,0,33.33,33.33,0.00,1,2,1,33.33,66.67,33.33,33.33
USA,DISARMAMENT AND MILITARY QUESTIONS,PRESENT_IN_BOTH,41,42,1,40,42,2,1,0,-1,0,0,0,0,0,0,17,4,-13,42.50,9.52,-32.98,5,5,0,12.50,11.90,-0.60,18,33,15,45.00,78.57,33.57,32.98
USA,POLITICAL EVENTS AND ISSUES,PRESENT_IN_BOTH,14,21,7,14,21,7,0,0,0,0,0,0,0,0,0,6,3,-3,42.86,14.29,-28.57,1,0,-1,7.14,0.00,-7.14,7,18,11,50.00,85.71,35.71,28.57
USA,INTERNATIONAL RELATIONS,PRESENT_IN_BOTH,28,48,20,28,48,20,0,0,0,0,0,0,0,0,0,9,4,-5,32.14,8.33,-23.81,4,0,-4,14.29,0.00,-14.29,15,44,29,53.57,91.67,38.10,23.81
USA,"POLITICAL CONDITIONS, INSTITUTIONS, MOVEMENTS",PRESENT_IN_BOTH,28,53,25,28,53,25,0,0,0,0,0,0,0,0,0,9,5,-4,32.14,9.43,-22.71,1,1,0,3.57,1.89,-1.68,18,47,29,64.29,88.68,24.39,22.71
USA,MAINTENANCE OF PEACE AND SECURITY,PRESENT_IN_BOTH,29,47,18,28,47,19,1,0,-1,0,0,0,0,0,0,9,5,-4,32.14,10.64,-21.50,3,4,1,10.71,8.51,-2.20,16,38,22,57.14,80.85,23.71,21.50
USA,SOCIAL DEVELOPMENT,PRESENT_IN_BOTH,8,24,16,8,24,16,0,0,0,0,0,0,0,0,0,2,1,-1,25.00,4.17,-20.83,1,0,-1,12.50,0.00,-12.50,5,23,18,62.50,95.83,33.33,20.83
USA,DISCRIMINATION,PRESENT_IN_BOTH,6,8,2,6,8,2,0,0,0,0,0,0,0,0,0,2,1,-1,33.33,12.50,-20.83,1,0,-1,16.67,0.00,-16.67,3,7,4,50.00,87.50,37.50,20.83
USA,PROTECTION OF AND ASSISTANCE TO REFUGEES AND DISPLACED PERSONS,PRESENT_IN_BOTH,5,8,3,5,8,3,0,0,0,0,0,0,0,0,0,2,2,0,40.00,25.00,-15.00,1,0,-1,20.00,0.00,-20.00,2,6,4,40.00,75.00,35.00,15.00
USA,DEVELOPMENT,PRESENT_IN_BOTH,7,44,37,7,44,37,0,0,0,0,0,0,0,0,0,1,0,-1,14.29,0.00,-14.29,0,0,0,0.00,0.00,0.00,6,44,38,85.71,100.00,14.29,14.29
USA,HUMAN RIGHTS,PRESENT_IN_BOTH,13,19,6,13,19,6,0,0,0,0,0,0,0,0,0,3,2,-1,23.08,10.53,-12.55,1,0,-1,7.69,0.00,-7.69,9,17,8,69.23,89.47,20.24,12.55
USA,"DECOLONIZATION, TRUSTEESHIP AND APARTHIED",PRESENT_IN_BOTH,14,11,-3,14,11,-3,0,0,0,0,0,0,0,0,0,0,0,0,0.00,0.00,0.00,1,0,-1,7.14,0.00,-7.14,13,11,-2,92.86,100.00,7.14,0.00
USA,DEVELOPMENT FINANCE,PRESENT_IN_BOTH,2,11,9,2,11,9,0,0,0,0,0,0,0,0,0,0,0,0,0.00,0.00,0.00,0,0,0,0.00,0.00,0.00,2,11,9,100.00,100.00,0.00,0.00
USA,ECONOMIC CONDITIONS,PRESENT_IN_BOTH,2,11,9,2,11,9,0,0,0,0,0,0,0,0,0,0,0,0,0.00,0.00,0.00,0,0,0,0.00,0.00,0.00,2,11,9,100.00,100.00,0.00,0.00
USA,RESOURCES (GENERAL),PRESENT_IN_BOTH,1,9,8,1,9,8,0,0,0,0,0,0,0,0,0,0,0,0,0.00,0.00,0.00,0,1,1,0.00,11.11,11.11,1,8,7,100.00,88.89,-11.11,0.00
USA,DEVELOPMENT AND TRANSFER OF TECHNOLOGY AND PROMOTION OF SCIENCE,PRESENT_IN_BOTH,1,6,5,1,6,5,0,0,0,0,0,0,0,0,0,0,0,0,0.00,0.00,0.00,0,0,0,0.00,0.00,0.00,1,6,5,100.00,100.00,0.00,0.00
USA,GENERAL INTERNATIONAL TRADE AND TRADE POLICY,PRESENT_IN_BOTH,3,5,2,3,5,2,0,0,0,0,0,0,0,0,0,0,0,0,0.00,0.00,0.00,0,0,0,0.00,0.00,0.00,3,5,2,100.00,100.00,0.00,0.00
USA,ECONOMIC THEORY,PRESENT_IN_BOTH,1,1,0,1,1,0,0,0,0,0,0,0,0,0,0,0,0,0,0.00,0.00,0.00,0,0,0,0.00,0.00,0.00,1,1,0,100.00,100.00,0.00,0.00
USA,TAXATION,PRESENT_IN_BOTH,1,1,0,1,1,0,0,0,0,0,0,0,0,0,0,0,0,0,0.00,0.00,0.00,0,0,0,0.00,0.00,0.00,1,1,0,100.00,100.00,0.00,0.00
USA,TRADE RELATED FINANCE,PRESENT_IN_BOTH,1,1,0,1,1,0,0,0,0,0,0,0,0,0,0,0,0,0,0.00,0.00,0.00,0,0,0,0.00,0.00,0.00,1,1,0,100.00,100.00,0.00,0.00
USA,AGRICULTURAL ECONOMICS AND POLICY; RURAL SOCIOLOGY,NEW_IN_2025,0,6,6,0,6,6,0,0,0,0,0,0,0,0,0,0,0,0,,0.00,,0,0,0,,0.00,,0,6,6,,100.00,,
USA,"DISASTER PREVENTION, PREPAREDNESS AND RELIEF",NEW_IN_2025,0,5,5,0,5,5,0,0,0,0,0,0,0,0,0,0,0,0,,0.00,,0,1,1,,20.00,,0,4,4,,80.00,,
USA,"LAND, PLANT AND SOIL RESOURCES",NEW_IN_2025,0,5,5,0,5,5,0,0,0,0,0,0,0,0,0,0,0,0,,0.00,,0,0,0,,0.00,,0,5,5,,100.00,,
USA,SPECIAL HUMANITARIAN OPERATIONS,NEW_IN_2025,0,5,5,0,5,5,0,0,0,0,0,0,0,0,0,0,1,1,,20.00,,0,1,1,,20.00,,0,3,3,,60.00,,
USA,DISEASE PREVENTION AND CONTROL,NEW_IN_2025,0,4,4,0,4,4,0,0,0,0,0,0,0,0,0,0,0,0,,0.00,,0,0,0,,0.00,,0,4,4,,100.00,,
USA,DISEASES AND CARRIERS OF DISEASES,NEW_IN_2025,0,4,4,0,4,4,0,0,0,0,0,0,0,0,0,0,0,0,,0.00,,0,0,0,,0.00,,0,4,4,,100.00,,
USA,BANKING AND INVESTMENT,NEW_IN_2025,0,3,3,0,3,3,0,0,0,0,0,0,0,0,0,0,0,0,,0.00,,0,0,0,,0.00,,0,3,3,,100.00,,
USA,COMPREHENSIVE HEALTH SERVICES,NEW_IN_2025,0,3,3,0,3,3,0,0,0,0,0,0,0,0,0,0,0,0,,0.00,,0,0,0,,0.00,,0,3,3,,100.00,,
USA,CULTURAL DEVELOPMENT,NEW_IN_2025,0,3,3,0,3,3,0,0,0,0,0,0,0,0,0,0,0,0,,0.00,,0,0,0,,0.00,,0,3,3,,100.00,,
USA,EDUCATIONAL POLICY AND PLANNING,NEW_IN_2025,0,3,3,0,3,3,0,0,0,0,0,0,0,0,0,0,0,0,,0.00,,0,0,0,,0.00,,0,3,3,,100.00,,
USA,PHILOSOPHY AND RELIGION,NEW_IN_2025,0,3,3,0,3,3,0,0,0,0,0,0,0,0,0,0,0,0,,0.00,,0,0,0,,0.00,,0,3,3,,100.00,,
USA,TRADE IN MANUFACTURES; BARRIERS TO TRADE,NEW_IN_2025,0,3,3,0,3,3,0,0,0,0,0,0,0,0,0,0,0,0,,0.00,,0,0,0,,0.00,,0,3,3,,100.00,,
USA,TRANSPORT POLICY AND PLANNING,NEW_IN_2025,0,3,3,0,3,3,0,0,0,0,0,0,0,0,0,0,0,0,,0.00,,0,0,0,,0.00,,0,3,3,,100.00,,
USA,COMMUNICATION AND MASS MEDIA,NEW_IN_2025,0,2,2,0,2,2,0,0,0,0,0,0,0,0,0,0,0,0,,0.00,,0,0,0,,0.00,,0,2,2,,100.00,,
USA,CONSUMERS AND COOPERATIVES,NEW_IN_2025,0,2,2,0,2,2,0,0,0,0,0,0,0,0,0,0,0,0,,0.00,,0,0,0,,0.00,,0,2,2,,100.00,,
USA,FOOD AND NUTRITION,NEW_IN_2025,0,2,2,0,2,2,0,0,0,0,0,0,0,0,0,0,0,0,,0.00,,0,0,0,,0.00,,0,2,2,,100.00,,
USA,SPECIAL CATEGORIES OF WORKERS,NEW_IN_2025,0,2,2,0,2,2,0,0,0,0,0,0,0,0,0,0,0,0,,0.00,,0,0,0,,0.00,,0,2,2,,100.00,,
USA,"AGRICULTURAL SCIENCES, ENGINEERING AND EDUCATION",NEW_IN_2025,0,1,1,0,1,1,0,0,0,0,0,0,0,0,0,0,0,0,,0.00,,0,0,0,,0.00,,0,1,1,,100.00,,
USA,COMMODITIES,NEW_IN_2025,0,1,1,0,1,1,0,0,0,0,0,0,0,0,0,0,0,0,,0.00,,0,0,0,,0.00,,0,1,1,,100.00,,
USA,CRIME AND CRIMINAL JUSTICE,NEW_IN_2025,0,1,1,0,1,1,0,0,0,0,0,0,0,0,0,0,0,0,,0.00,,0,0,0,,0.00,,0,1,1,,100.00,,
USA,CROP MANAGEMENT,NEW_IN_2025,0,1,1,0,1,1,0,0,0,0,0,0,0,0,0,0,0,0,,0.00,,0,0,0,,0.00,,0,1,1,,100.00,,
USA,EMPLOYMENT PROMOTION AND PLANNING,NEW_IN_2025,0,1,1,0,1,1,0,0,0,0,0,0,0,0,0,0,0,0,,0.00,,0,0,0,,0.00,,0,1,1,,100.00,,
USA,FORESTRY,NEW_IN_2025,0,1,1,0,1,1,0,0,0,0,0,0,0,0,0,0,0,0,,0.00,,0,0,0,,0.00,,0,1,1,,100.00,,
USA,GEOGRAPHY,NEW_IN_2025,0,1,1,0,1,1,0,0,0,0,0,0,0,0,0,0,0,0,,0.00,,0,0,0,,0.00,,0,1,1,,100.00,,
USA,HOUSING,NEW_IN_2025,0,1,1,0,1,1,0,0,0,0,0,0,0,0,0,0,0,0,,0.00,,0,0,0,,0.00,,0,1,1,,100.00,,
USA,LAND FORMS AND ECOSYSTEMS,NEW_IN_2025,0,1,1,0,1,1,0,0,0,0,0,0,0,0,0,0,0,0,,0.00,,0,0,0,,0.00,,0,1,1,,100.00,,
USA,LAND TRANSPORT,NEW_IN_2025,0,1,1,0,1,1,0,0,0,0,0,0,0,0,0,0,0,0,,0.00,,0,0,0,,0.00,,0,1,1,,100.00,,
USA,LANGUAGE,NEW_IN_2025,0,1,1,0,1,1,0,0,0,0,0,0,0,0,0,0,0,0,,0.00,,0,0,0,,0.00,,0,1,1,,100.00,,
USA,LAW OF WAR,NEW_IN_2025,0,1,1,0,1,1,0,0,0,0,0,0,0,0,0,0,0,0,,0.00,,0,0,0,,0.00,,0,1,1,,100.00,,
USA,"LEISURE, RECREATION AND SPORTS",NEW_IN_2025,0,1,1,0,1,1,0,0,0,0,0,0,0,0,0,0,0,0,,0.00,,0,0,0,,0.00,,0,1,1,,100.00,,
USA,MONETARY ISSUES,NEW_IN_2025,0,1,1,0,1,1,0,0,0,0,0,0,0,0,0,0,0,0,,0.00,,0,0,0,,0.00,,0,1,1,,100.00,,
USA,PERSONS WITH DISABILITIES,NEW_IN_2025,0,1,1,0,1,1,0,0,0,0,0,0,0,0,0,0,0,0,,0.00,,0,0,0,,0.00,,0,1,1,,100.00,,
USA,PSYCHOLOGY,NEW_IN_2025,0,1,1,0,1,1,0,0,0,0,0,0,0,0,0,0,0,0,,0.00,,0,0,0,,0.00,,0,1,1,,100.00,,
USA,SETTLEMENT PLANNING,NEW_IN_2025,0,1,1,0,1,1,0,0,0,0,0,0,0,0,0,0,0,0,,0.00,,0,0,0,,0.00,,0,1,1,,100.00,,
USA,SPECIAL ECONOMIC AREAS,NEW_IN_2025,0,1,1,0,1,1,0,0,0,0,0,0,0,0,0,0,0,0,,0.00,,0,0,0,,0.00,,0,1,1,,100.00,,
USA,STATISTICS,NEW_IN_2025,0,1,1,0,1,1,0,0,0,0,0,0,0,0,0,0,0,0,,0.00,,0,0,0,,0.00,,0,1,1,,100.00,,
USA,TELECOMMUNICATIONS,NEW_IN_2025,0,1,1,0,1,1,0,0,0,0,0,0,0,0,0,0,0,0,,0.00,,0,0,0,,0.00,,0,1,1,,100.00,,
USA,TRADE IN COMMODITIES,NEW_IN_2025,0,1,1,0,1,1,0,0,0,0,0,0,0,0,0,0,0,0,,0.00,,0,0,0,,0.00,,0,1,1,,100.00,,
USA,INTERNATIONAL TRADE LAW,DROPPED_FROM_2024,1,0,-1,1,0,-1,0,0,0,0,0,0,0,0,0,1,0,-1,100.00,,,0,0,0,0.00,,,0,0,0,0.00,,,
