Resolution,Date,Title,Topic Tags,UN Digital Library Link,Yes,No,Abstain,No Vote,AFG,AGO,ALB,AND,ARE,ARG,ARM,ATG,AUS,AUT,AZE,BDI,BEL,BEN,BFA,BGD,BGR,BHR,BHS,BIH,BLR,BLZ,BOL,BRA,BRB,BRN,BTN,BWA,CAF,CAN,CHE,CHL,CHN,CIV,CMR,COD,COG,COL,COM,CPV,CRI,CUB,CYP,CZE,DEU,DJI,DMA,DNK,DOM,DZA,ECU,EGY,ERI,ESP,EST,ETH,FIN,FJI,FRA,FSM,GAB,GBR,GEO,GHA,GIN,GMB,GNB,GNQ,GRC,GRD,GTM,GUY,HND,HRV,HTI,HUN,IDN,IND,IRL,IRN,IRQ,ISL,ISR,ITA,JAM,JOR,JPN,KAZ,KEN,KGZ,KHM,KIR,KNA,KOR,KWT,LAO,LBN,LBR,LBY,LCA,LIE,LKA,LSO,LTU,LUX,LVA,MAR,MCO,MDA,MDG,MDV,MEX,MHL,MKD,MLI,MLT,MMR,MNE,MNG,MOZ,MRT,MUS,MWI,MYS,NAM,NER,NGA,NIC,NLD,NOR,NPL,NRU,NZL,OMN,PAK,PAN,PER,PHL,PLW,PNG,POL,PRK,PRT,PRY,QAT,ROU,RUS,RWA,SAU,SDN,SEN,SGP,SLB,SLE,SLV,SMR,SOM,SRB,SSD,STP,SUR,SVK,SVN,SWE,SWZ,SYC,SYR,TCD,TGO,THA,TJK,TKM,TLS,TON,TTO,TUN,TUR,TUV,TZA,UGA,UKR,URY,USA,UZB,VCT,VEN,VNM,VUT,WSM,YEM,ZAF,ZMB,ZWE
,,,,,,,,,Afghanistan,Angola,Albania,Andorra,United Arab Emirates,Argentina,Armenia,Antigua and Barbuda,Australia,Austria,Azerbaijan,Burundi,Belgium,Benin,Burkina Faso,Bangladesh,Bulgaria,Bahrain,Bahamas,Bosnia and Herzegovina,Belarus,Belize,Bolivia (Plurinational State of),Brazil,Barbados,Brunei Darussalam,Bhutan,Botswana,Central African Republic,Canada,Switzerland,Chile,China,Côte d’Ivoire,Cameroon,Democratic Republic of the Congo,Congo,Colombia,Comoros,Cabo Verde,Costa Rica,Cuba,Cyprus,Czechia,Germany,Djibouti,Dominica,Denmark,Dominican Republic,Algeria,Ecuador,Egypt,Eritrea,Spain,Estonia,Ethiopia,Finland,Fiji,France,Micronesia (Federated States of),Gabon,United Kingdom of Great Britain and Northern Ireland,Georgia,Ghana,Guinea,Gambia,Guinea-Bissau,Equatorial Guinea,Greece,Grenada,Guatemala,Guyana,Honduras,Croatia,Haiti,Hungary,Indonesia,India,Ireland,Iran (Islamic Republic of),Iraq,Iceland,Israel,Italy,Jamaica,Jordan,Japan,Kazakhstan,Kenya,Kyrgyzstan,Cambodia,Kiribati,Saint Kitts and Nevis,Republic of Korea,Kuwait,Lao People's Democratic Republic,Lebanon,Liberia,Libya,Saint Lucia,Liechtenstein,Sri Lanka,Lesotho,Lithuania,Luxembourg,Latvia,Morocco,Monaco,Republic of Moldova,Madagascar,Maldives,Mexico,Marshall Islands,North Macedonia,Mali,Malta,Myanmar,Montenegro,Mongolia,Mozambique,Mauritania,Mauritius,Malawi,Malaysia,Namibia,Niger,Nigeria,Nicaragua,Netherlands (Kingdom of the),Norway,Nepal,Nauru,New Zealand,Oman,Pakistan,Panama,Peru,Philippines,Palau,Papua New Guinea,Poland,Democratic People's Republic of Korea,Portugal,Paraguay,Qatar,Romania,Russian Federation,Rwanda,Saudi Arabia,Sudan,Senegal,Singapore,Solomon Islands,Sierra Leone,El Salvador,San Marino,Somalia,Serbia,South Sudan,Sao Tome and Principe,Suriname,Slovakia,Slovenia,Sweden,Eswatini,Seychelles,Syrian Arab Republic,Chad,Togo,Thailand,Tajikistan,Turkmenistan,Timor-Leste,Tonga,Trinidad and Tobago,Tunisia,Türkiye,Tuvalu,United Republic of Tanzania,Uganda,Ukraine,Uruguay,United States of America,Uzbekistan,Saint Vincent and the Grenadines,Venezuela (Bolivarian Republic of),Viet Nam,Vanuatu,Samoa,Yemen,South Africa,Zambia,Zimbabwe
A/RES/ES-11/8,2025-02-24,The path to peace,POLITICAL AND LEGAL QUESTIONS; MAINTENANCE OF PEACE AND SECURITY; PEACEBUILDING; POLITICAL CONDITIONS; INSTITUTIONS; MOVEMENTS; PEACE MOVEMENTS,https://digitallibrary.un.org/record/4076673,93,8,73,19,,ABSTAIN,ABSTAIN,YES,ABSTAIN,ABSTAIN,YES,ABSTAIN,YES,YES,,ABSTAIN,YES,,NO,YES,YES,ABSTAIN,,YES,NO,YES,,ABSTAIN,YES,YES,YES,ABSTAIN,ABSTAIN,YES,YES,YES,ABSTAIN,YES,,ABSTAIN,,ABSTAIN,YES,YES,YES,ABSTAIN,YES,YES,YES,YES,,YES,YES,ABSTAIN,,ABSTAIN,ABSTAIN,YES,YES,ABSTAIN,YES,ABSTAIN,YES,ABSTAIN,ABSTAIN,YES,ABSTAIN,ABSTAIN,ABSTAIN,ABSTAIN,,ABSTAIN,YES,ABSTAIN,YES,YES,,YES,ABSTAIN,ABSTAIN,YES,ABSTAIN,YES,ABSTAIN,ABSTAIN,YES,ABSTAIN,YES,YES,ABSTAIN,YES,ABSTAIN,YES,ABSTAIN,YES,ABSTAIN,YES,YES,ABSTAIN,ABSTAIN,YES,YES,ABSTAIN,YES,YES,ABSTAIN,ABSTAIN,YES,YES,YES,YES,YES,YES,YES,YES,YES,YES,ABSTAIN,NO,YES,YES,YES,YES,ABSTAIN,ABSTAIN,YES,YES,YES,ABSTAIN,NO,YES,NO,YES,YES,YES,,YES,ABSTAIN,ABSTAIN,ABSTAIN,YES,YES,ABSTAIN,ABSTAIN,YES,NO,YES,ABSTAIN,ABSTAIN,YES,NO,ABSTAIN,ABSTAIN,NO,ABSTAIN,YES,ABSTAIN,YES,ABSTAIN,YES,YES,ABSTAIN,,YES,YES,YES,YES,YES,,YES,ABSTAIN,,ABSTAIN,YES,ABSTAIN,,YES,ABSTAIN,YES,YES,YES,ABSTAIN,ABSTAIN,ABSTAIN,ABSTAIN,YES,ABSTAIN,ABSTAIN,YES,,ABSTAIN,,,ABSTAIN,YES,ABSTAIN,ABSTAIN
A/RES/ES-11/7,2025-02-24,"Advancing a comprehensive, just and lasting peace in Ukraine",POLITICAL AND LEGAL QUESTIONS; MAINTENANCE OF PEACE AND SECURITY; PEACE AGREEMENTS; INTERNATIONAL RELATIONS; DIPLOMACY; POLITICAL CONDITIONS; INSTITUTIONS; MOVEMENTS; DEMOCRACY,https://digitallibrary.un.org/record/4076672,93,18,65,17,,ABSTAIN,YES,YES,ABSTAIN,ABSTAIN,ABSTAIN,YES,YES,YES,,NO,YES,,NO,ABSTAIN,YES,ABSTAIN,YES,YES,NO,YES,,ABSTAIN,YES,ABSTAIN,YES,ABSTAIN,NO,YES,YES,YES,ABSTAIN,YES,,,,ABSTAIN,YES,YES,ABSTAIN,ABSTAIN,YES,YES,YES,YES,,YES,ABSTAIN,ABSTAIN,,YES,NO,YES,YES,ABSTAIN,YES,YES,YES,ABSTAIN,ABSTAIN,YES,,ABSTAIN,ABSTAIN,YES,,NO,YES,ABSTAIN,YES,YES,ABSTAIN,YES,NO,NO,YES,ABSTAIN,YES,ABSTAIN,ABSTAIN,YES,NO,YES,YES,YES,YES,ABSTAIN,ABSTAIN,ABSTAIN,YES,ABSTAIN,YES,YES,ABSTAIN,ABSTAIN,ABSTAIN,YES,ABSTAIN,YES,YES,ABSTAIN,ABSTAIN,YES,YES,YES,,YES,YES,,YES,YES,NO,ABSTAIN,NO,YES,YES,YES,ABSTAIN,ABSTAIN,ABSTAIN,YES,ABSTAIN,YES,ABSTAIN,NO,YES,NO,YES,YES,YES,YES,YES,ABSTAIN,ABSTAIN,ABSTAIN,YES,YES,NO,YES,YES,NO,YES,ABSTAIN,ABSTAIN,YES,NO,ABSTAIN,ABSTAIN,NO,ABSTAIN,YES,YES,YES,ABSTAIN,YES,YES,YES,,ABSTAIN,YES,YES,YES,YES,,YES,ABSTAIN,ABSTAIN,ABSTAIN,YES,ABSTAIN,,YES,YES,YES,YES,YES,ABSTAIN,ABSTAIN,ABSTAIN,YES,YES,NO,ABSTAIN,ABSTAIN,,ABSTAIN,YES,YES,ABSTAIN,ABSTAIN,ABSTAIN,ABSTAIN
A/RES/79/267,2025-03-04,Education for democracy,EDUCATION; EDUCATIONAL POLICY AND PLANNING; EDUCATIONAL POLICY; POLITICAL AND LEGAL QUESTIONS; POLITICAL CONDITIONS; INSTITUTIONS; MOVEMENTS; DEMOCRACY; POLITICAL EVENTS AND ISSUES,https://digitallibrary.un.org/record/4078354,151,1,8,33,,YES,YES,YES,YES,ABSTAIN,YES,YES,YES,YES,,YES,YES,,YES,YES,YES,YES,,YES,ABSTAIN,YES,,YES,YES,YES,YES,,YES,YES,YES,YES,YES,YES,,YES,,YES,,YES,YES,YES,YES,YES,YES,,,YES,YES,YES,YES,YES,,YES,YES,YES,YES,ABSTAIN,YES,,,YES,YES,,YES,,,YES,YES,YES,YES,YES,,YES,YES,YES,YES,YES,YES,YES,YES,YES,,YES,YES,YES,YES,YES,YES,YES,YES,YES,YES,YES,YES,YES,YES,,YES,YES,YES,YES,YES,YES,YES,YES,YES,YES,YES,ABSTAIN,YES,YES,,,YES,YES,YES,YES,YES,YES,YES,YES,YES,YES,YES,,YES,YES,YES,YES,YES,YES,YES,YES,YES,YES,YES,YES,YES,YES,YES,YES,YES,YES,YES,YES,ABSTAIN,YES,YES,YES,YES,YES,ABSTAIN,,,YES,YES,YES,,,YES,YES,YES,YES,,YES,ABSTAIN,YES,YES,YES,YES,,YES,YES,YES,YES,YES,,,YES,YES,YES,NO,YES,YES,,YES,YES,ABSTAIN,YES,YES,,YES
A/RES/79/269,2025-03-04,International Day of Peaceful Coexistence,POLITICAL AND LEGAL QUESTIONS; POLITICAL CONDITIONS; INSTITUTIONS; MOVEMENTS; CIVIL SOCIETY; INTERNATIONAL RELATIONS; PEACE; MAINTENANCE OF PEACE AND SECURITY; PEACEBUILDING,https://digitallibrary.un.org/record/4078357,162,3,2,26,,YES,YES,YES,YES,NO,YES,YES,YES,YES,,YES,YES,,YES,YES,YES,YES,YES,YES,YES,YES,,YES,YES,YES,YES,,YES,YES,YES,YES,YES,YES,YES,YES,,YES,,YES,YES,YES,YES,YES,YES,,,YES,YES,YES,YES,YES,YES,YES,YES,YES,YES,YES,YES,,YES,YES,YES,YES,YES,,,YES,YES,YES,YES,YES,,YES,YES,YES,YES,YES,YES,YES,YES,YES,NO,YES,YES,YES,YES,YES,YES,YES,YES,YES,YES,YES,YES,YES,YES,,YES,YES,YES,YES,YES,YES,YES,YES,YES,YES,YES,YES,YES,YES,YES,,YES,YES,YES,YES,YES,YES,YES,YES,YES,YES,YES,YES,YES,YES,YES,YES,YES,,YES,YES,YES,YES,ABSTAIN,YES,YES,YES,YES,YES,YES,ABSTAIN,YES,YES,YES,YES,YES,YES,YES,YES,YES,,,YES,YES,YES,,,YES,YES,YES,YES,,YES,YES,YES,YES,YES,YES,,YES,YES,YES,YES,YES,,,YES,YES,YES,NO,YES,YES,,YES,YES,YES,YES,YES,YES,
A/RES/79/270,2025-03-04,International Day of Hope,,https://digitallibrary.un.org/record/4078358,161,1,4,27,,YES,YES,YES,YES,,,YES,YES,YES,,YES,YES,,YES,YES,YES,YES,,YES,YES,YES,,YES,YES,YES,YES,,YES,YES,YES,YES,YES,YES,YES,YES,,YES,,YES,YES,YES,YES,YES,YES,,,YES,YES,YES,YES,YES,YES,YES,YES,YES,YES,YES,YES,YES,YES,YES,YES,YES,YES,,,YES,YES,YES,YES,YES,,YES,YES,YES,YES,ABSTAIN,YES,YES,YES,YES,YES,YES,YES,YES,YES,YES,YES,YES,YES,YES,YES,YES,YES,YES,YES,,YES,YES,YES,YES,YES,YES,YES,YES,YES,YES,YES,YES,YES,YES,YES,,YES,YES,YES,YES,YES,YES,YES,YES,YES,YES,YES,YES,YES,YES,YES,YES,YES,YES,YES,YES,YES,YES,ABSTAIN,YES,YES,YES,YES,YES,YES,ABSTAIN,YES,YES,YES,YES,YES,YES,YES,YES,YES,,,YES,,YES,,,YES,YES,YES,YES,,YES,,YES,YES,YES,YES,,YES,YES,YES,YES,ABSTAIN,YES,,YES,YES,YES,NO,YES,YES,,YES,YES,YES,YES,YES,YES,YES
A/RES/79/266,2025-03-04,International Day for Judicial Well-being,POLITICAL AND LEGAL QUESTIONS; INTERNATIONAL LAW; GENERAL AND NATIONAL LAW; ADMINISTRATION OF JUSTICE,https://digitallibrary.un.org/record/4078355,160,1,3,29,,YES,YES,YES,YES,,,YES,YES,YES,,YES,YES,,YES,YES,YES,YES,,YES,YES,YES,,YES,YES,YES,YES,,YES,YES,YES,YES,YES,YES,,YES,,YES,,YES,YES,YES,YES,YES,YES,,,YES,YES,YES,YES,YES,YES,YES,YES,YES,YES,YES,YES,YES,,YES,YES,YES,YES,,,YES,YES,YES,YES,YES,,YES,ABSTAIN,YES,YES,YES,YES,YES,YES,YES,YES,YES,YES,YES,YES,YES,YES,YES,YES,YES,YES,YES,YES,YES,YES,,YES,YES,YES,YES,YES,YES,YES,YES,YES,YES,YES,ABSTAIN,YES,YES,YES,,YES,YES,YES,YES,YES,YES,YES,YES,YES,YES,YES,YES,YES,YES,YES,YES,YES,YES,YES,YES,YES,YES,YES,YES,YES,YES,YES,YES,YES,YES,YES,YES,YES,YES,YES,YES,YES,YES,YES,,,YES,YES,YES,,,YES,YES,YES,YES,,YES,ABSTAIN,YES,YES,YES,YES,,YES,YES,YES,YES,YES,YES,,,YES,YES,NO,YES,,,YES,YES,YES,YES,YES,YES,YES
A/RES/79/276,2025-03-25,Implementation of the United Nations Decade of Action on Nutrition (2016-2025),HEALTH; FOOD AND NUTRITION; NUTRITION; SOCIAL CONDITIONS AND EQUITY; SOCIAL DEVELOPMENT; WELFARE AND SOCIAL SERVICES; BASIC NEEDS,https://digitallibrary.un.org/record/4079240,158,1,0,34,,YES,YES,YES,YES,,YES,YES,YES,YES,,YES,YES,,YES,YES,YES,YES,YES,YES,YES,,,YES,YES,YES,YES,YES,,YES,YES,YES,YES,YES,,YES,,YES,YES,YES,YES,YES,YES,YES,YES,YES,,YES,YES,YES,YES,YES,YES,YES,YES,YES,YES,YES,YES,YES,YES,YES,YES,,,YES,,YES,YES,,YES,YES,YES,YES,YES,YES,YES,YES,YES,YES,YES,YES,,YES,YES,YES,YES,YES,YES,YES,YES,,YES,YES,YES,YES,YES,,YES,YES,YES,YES,YES,YES,YES,YES,YES,YES,YES,YES,YES,YES,YES,YES,YES,YES,YES,YES,YES,YES,YES,YES,,YES,,YES,YES,,YES,YES,YES,,YES,YES,YES,YES,YES,YES,YES,YES,YES,YES,YES,YES,YES,YES,YES,,YES,YES,YES,YES,,YES,YES,YES,,YES,,,YES,YES,YES,YES,,,YES,YES,YES,YES,YES,,YES,YES,YES,YES,YES,,YES,YES,YES,YES,NO,YES,,,YES,YES,,YES,YES,,YES
A/RES/79/278,2025-03-25,"Scope, modalities, format and organization of the High-level Conference on the situation of Rohingya Muslims and Other Minorities in Myanmar",POLITICAL AND LEGAL QUESTIONS; POLITICAL CONDITIONS; INSTITUTIONS; MOVEMENTS; CIVIL SOCIETY; INTERNATIONAL RELATIONS; DIPLOMATIC RELATIONS; POLITICAL EVENTS AND ISSUES; BURUNDI SITUATION; SOCIAL CONDITIONS AND EQUITY; HUMAN RIGHTS; DISCRIMINATION,https://digitallibrary.un.org/record/4079241,141,0,10,42,,YES,YES,YES,YES,YES,YES,YES,YES,YES,YES,YES,YES,,YES,YES,YES,YES,YES,YES,ABSTAIN,,,YES,YES,YES,YES,YES,,YES,YES,YES,ABSTAIN,YES,,YES,,YES,YES,YES,YES,,YES,YES,YES,YES,,YES,YES,YES,YES,YES,,YES,YES,ABSTAIN,YES,YES,YES,YES,YES,YES,YES,,,YES,,YES,YES,,YES,YES,,YES,YES,YES,YES,ABSTAIN,YES,YES,YES,YES,YES,YES,YES,YES,YES,YES,,YES,ABSTAIN,,,YES,YES,YES,ABSTAIN,,YES,,YES,YES,YES,YES,YES,YES,YES,YES,YES,YES,YES,YES,YES,YES,,YES,YES,YES,ABSTAIN,YES,YES,YES,,YES,,YES,,,YES,YES,YES,,YES,YES,YES,YES,YES,YES,YES,YES,YES,ABSTAIN,YES,YES,YES,YES,ABSTAIN,,YES,YES,YES,YES,,YES,YES,YES,YES,,,,YES,YES,YES,YES,,,,YES,YES,YES,YES,,YES,,YES,YES,YES,,,YES,YES,YES,YES,YES,,,YES,YES,,YES,YES,,ABSTAIN
A/RES/79/283,2025-04-16,United Nations Decade for Afforestation and Reforestation in line with Sustainable Forest Management (2027-2036),NATURAL RESOURCES AND THE ENVIRONMENT; ENVIRONMENT; SUSTAINABLE DEVELOPMENT; LAND; PLANT AND SOIL RESOURCES; FOREST CONSERVATION; WILDLIFE; AGRICULTURE; FORESTRY AND FISHING; FORESTRY; AFFORESTATION,https://digitallibrary.un.org/record/4080625,155,1,0,37,,YES,YES,,YES,,YES,,YES,YES,YES,,YES,,YES,YES,YES,YES,YES,YES,YES,,,YES,YES,YES,YES,YES,YES,YES,YES,YES,YES,YES,YES,YES,YES,YES,,YES,YES,YES,YES,YES,YES,YES,YES,YES,YES,YES,YES,YES,YES,YES,YES,YES,YES,YES,YES,,YES,YES,YES,,,YES,,YES,YES,YES,YES,YES,YES,YES,,YES,YES,YES,YES,YES,YES,YES,,YES,YES,YES,YES,YES,,YES,,,,YES,YES,YES,YES,,YES,,YES,YES,YES,YES,YES,YES,YES,YES,YES,YES,YES,YES,YES,YES,YES,YES,YES,YES,YES,YES,YES,,YES,YES,YES,YES,,YES,YES,YES,YES,,YES,YES,YES,YES,YES,YES,YES,YES,YES,YES,YES,YES,YES,YES,YES,YES,YES,YES,YES,YES,,,YES,YES,,,,,YES,YES,YES,YES,YES,,YES,YES,YES,YES,,YES,YES,YES,YES,YES,YES,,,YES,YES,YES,NO,YES,,,YES,YES,YES,YES,YES,,YES
A/RES/79/284,2025-04-16,Cooperation between the United Nations and the Council of Europe,POLITICAL AND LEGAL QUESTIONS; INTERNATIONAL RELATIONS; COOPERATION BETWEEN ORGANIZATIONS,https://digitallibrary.un.org/record/4080624,105,9,33,46,,YES,YES,YES,ABSTAIN,,YES,YES,YES,YES,,,YES,,,,YES,ABSTAIN,YES,YES,NO,,,ABSTAIN,YES,YES,YES,,,YES,YES,YES,ABSTAIN,YES,,YES,,YES,,YES,YES,ABSTAIN,YES,YES,YES,YES,,YES,YES,ABSTAIN,YES,ABSTAIN,NO,YES,YES,YES,YES,YES,YES,YES,,YES,YES,YES,,ABSTAIN,,,YES,YES,YES,YES,,YES,YES,YES,YES,ABSTAIN,YES,ABSTAIN,ABSTAIN,YES,,YES,YES,ABSTAIN,YES,ABSTAIN,,ABSTAIN,YES,,,YES,ABSTAIN,YES,YES,,YES,,YES,ABSTAIN,,YES,YES,YES,YES,YES,YES,ABSTAIN,YES,YES,YES,ABSTAIN,NO,YES,YES,YES,YES,ABSTAIN,ABSTAIN,,YES,YES,ABSTAIN,NO,ABSTAIN,NO,YES,YES,YES,,YES,ABSTAIN,ABSTAIN,YES,YES,YES,ABSTAIN,YES,YES,NO,YES,YES,YES,YES,NO,,ABSTAIN,NO,ABSTAIN,YES,,,,YES,,,,,YES,YES,YES,YES,,,ABSTAIN,,ABSTAIN,YES,ABSTAIN,,YES,YES,YES,YES,YES,,YES,ABSTAIN,YES,YES,NO,,,,YES,YES,YES,ABSTAIN,ABSTAIN,YES,
A/RES/79/287,2025-04-29,Global health and foreign policy : rethinking health promotion as a transformative path towards improved and more sustainable well-being for all,HEALTH; COMPREHENSIVE HEALTH SERVICES; HEALTH PROGRAMMES; POLITICAL AND LEGAL QUESTIONS; POLITICAL CONDITIONS; INSTITUTIONS; MOVEMENTS; INTERNATIONAL RELATIONS; FOREIGN POLICY; POLITICAL EVENTS AND ISSUES; SOCIAL CONDITIONS AND EQUITY; SOCIAL DEVELOPMENT; WELFARE AND SOCIAL SERVICES; BASIC NEEDS; HEALTH POLICY; HUMAN RIGHTS; RIGHT TO HEALTH,https://digitallibrary.un.org/record/4081135,139,1,3,50,,YES,YES,YES,YES,ABSTAIN,YES,,YES,YES,YES,,YES,,YES,YES,YES,YES,YES,YES,ABSTAIN,,,YES,YES,YES,YES,,,YES,YES,YES,YES,YES,YES,,,YES,YES,YES,YES,YES,YES,YES,YES,YES,,YES,YES,YES,YES,YES,,YES,YES,YES,YES,,YES,YES,,YES,YES,YES,,YES,,,YES,,YES,YES,,YES,,YES,YES,YES,YES,YES,YES,YES,ABSTAIN,YES,YES,YES,YES,YES,,YES,YES,,YES,YES,YES,YES,YES,,,,YES,YES,YES,YES,YES,YES,YES,YES,YES,YES,YES,YES,YES,YES,YES,YES,YES,YES,YES,YES,,YES,,YES,,,,YES,YES,YES,YES,,YES,YES,YES,YES,YES,YES,,,YES,YES,YES,YES,YES,YES,YES,YES,YES,YES,YES,YES,,,YES,YES,,YES,,,YES,YES,YES,YES,,,,,YES,YES,YES,,YES,,YES,YES,YES,,,YES,YES,YES,NO,,,,YES,YES,,YES,YES,YES,YES
A/RES/79/XX,2025-05-27,Cooperation between the United Nations and the Association of Southeast Asian Nations,POLITICAL AND LEGAL QUESTIONS; INTERNATIONAL RELATIONS; COOPERATION BETWEEN ORGANIZATIONS; POLITICAL CONDITIONS; INSTITUTIONS; MOVEMENTS,https://digitallibrary.un.org/record/4082671,158,1,1,33,,YES,YES,YES,YES,,YES,YES,YES,YES,YES,YES,YES,,YES,YES,YES,YES,YES,YES,,,,YES,,YES,YES,,,YES,YES,YES,YES,YES,YES,YES,YES,YES,,YES,YES,YES,YES,YES,YES,YES,,YES,YES,YES,YES,YES,YES,YES,YES,YES,YES,YES,YES,YES,YES,YES,YES,YES,,,,YES,YES,YES,YES,YES,,YES,,YES,YES,YES,YES,YES,YES,YES,ABSTAIN,YES,YES,YES,YES,YES,YES,YES,YES,,YES,,YES,YES,YES,,YES,YES,YES,YES,YES,YES,YES,YES,YES,YES,YES,,YES,YES,YES,YES,YES,YES,YES,YES,YES,YES,YES,YES,YES,YES,YES,,,YES,YES,YES,YES,,YES,YES,YES,YES,YES,YES,YES,YES,YES,YES,YES,YES,YES,YES,YES,YES,YES,YES,,YES,YES,YES,YES,YES,,YES,YES,,YES,YES,YES,YES,,,YES,YES,YES,YES,YES,,YES,YES,YES,YES,YES,,,YES,YES,YES,NO,,YES,,YES,YES,YES,YES,YES,YES,YES
A/RES/79/291,2025-06-03,World Horse Day,CULTURE; LEISURE; RECREATION AND SPORTS,https://digitallibrary.un.org/record/4082960,169,1,0,23,,YES,,YES,YES,,YES,YES,YES,YES,YES,YES,YES,,,YES,YES,YES,,YES,YES,YES,,YES,YES,YES,YES,YES,,YES,YES,YES,YES,YES,YES,YES,YES,YES,YES,YES,YES,YES,YES,YES,YES,YES,,YES,YES,YES,YES,YES,YES,YES,YES,YES,YES,YES,YES,YES,YES,YES,YES,YES,YES,YES,YES,,YES,YES,YES,YES,,YES,YES,YES,YES,YES,YES,YES,YES,YES,,YES,YES,YES,YES,YES,YES,YES,YES,YES,,YES,YES,YES,YES,YES,YES,YES,YES,YES,YES,YES,YES,YES,YES,YES,YES,,YES,YES,YES,YES,YES,YES,YES,YES,YES,YES,YES,YES,YES,YES,YES,YES,YES,YES,YES,YES,YES,,YES,YES,YES,YES,YES,YES,YES,,YES,YES,YES,YES,YES,YES,YES,,YES,YES,YES,YES,YES,YES,YES,YES,YES,,YES,YES,YES,YES,YES,YES,,YES,YES,YES,YES,YES,YES,YES,YES,,YES,YES,YES,YES,,,YES,YES,NO,YES,YES,,YES,YES,YES,YES,YES,YES,YES
A/RES/79/292,2025-06-03,"Status of internally displaced persons and refugees from Abkhazia, Georgia, and the Tskhinvali region/South Ossetia, Georgia",HUMANITARIAN AID AND RELIEF; PROTECTION OF AND ASSISTANCE TO REFUGEES AND DISPLACED PERSONS; GEORGIAN REFUGEES; SOCIAL CONDITIONS AND EQUITY; HUMAN RIGHTS; CIVILIAN PERSONS; SOCIAL DEVELOPMENT; SOCIAL CONDITIONS; POLITICAL AND LEGAL QUESTIONS; POLITICAL CONDITIONS; INSTITUTIONS; MOVEMENTS; CIVIL SOCIETY; INTERNATIONAL RELATIONS; DIPLOMATIC RELATIONS; MAINTENANCE OF PEACE AND SECURITY; PEACEBUILDING,https://digitallibrary.un.org/record/4083048,107,9,49,28,,ABSTAIN,YES,YES,ABSTAIN,YES,YES,YES,YES,YES,YES,,YES,ABSTAIN,,ABSTAIN,YES,ABSTAIN,YES,YES,NO,YES,,ABSTAIN,YES,ABSTAIN,ABSTAIN,,ABSTAIN,YES,ABSTAIN,YES,ABSTAIN,YES,,YES,YES,YES,,YES,YES,NO,YES,YES,YES,YES,YES,YES,YES,ABSTAIN,YES,ABSTAIN,,YES,YES,ABSTAIN,YES,YES,YES,YES,,YES,YES,YES,,YES,,NO,YES,YES,YES,YES,YES,YES,YES,YES,ABSTAIN,ABSTAIN,YES,ABSTAIN,,YES,ABSTAIN,YES,YES,ABSTAIN,YES,ABSTAIN,ABSTAIN,ABSTAIN,ABSTAIN,YES,YES,YES,ABSTAIN,,ABSTAIN,YES,ABSTAIN,YES,YES,ABSTAIN,ABSTAIN,YES,YES,YES,ABSTAIN,YES,YES,,YES,YES,YES,YES,NO,YES,YES,YES,ABSTAIN,ABSTAIN,,YES,YES,ABSTAIN,ABSTAIN,,,NO,YES,YES,ABSTAIN,,YES,ABSTAIN,,YES,YES,YES,YES,YES,YES,NO,YES,YES,ABSTAIN,YES,NO,,ABSTAIN,NO,ABSTAIN,YES,YES,YES,ABSTAIN,YES,,ABSTAIN,,ABSTAIN,YES,YES,YES,YES,,YES,ABSTAIN,ABSTAIN,ABSTAIN,ABSTAIN,,,YES,YES,YES,ABSTAIN,YES,YES,ABSTAIN,,YES,YES,YES,ABSTAIN,YES,,,YES,YES,ABSTAIN,YES,YES,NO
A/RES/ES-10/27,2025-06-12,Protection of civilians and upholding legal and humanitarian obligations,POLITICAL AND LEGAL QUESTIONS; INTERNATIONAL LAW; HUMANITARIAN INTERVENTION; MAINTENANCE OF PEACE AND SECURITY; PROTECTION OF CIVILIANS IN PEACEKEEPING OPERATIONS; POLITICAL CONDITIONS; INSTITUTIONS; MOVEMENTS; CIVIL SOCIETY,https://digitallibrary.un.org/record/4083529,149,12,19,13,,YES,ABSTAIN,YES,YES,NO,YES,YES,YES,YES,YES,YES,YES,,YES,YES,YES,YES,YES,YES,YES,YES,,YES,YES,YES,YES,YES,,YES,YES,YES,YES,YES,ABSTAIN,ABSTAIN,YES,YES,,YES,YES,YES,YES,ABSTAIN,YES,YES,ABSTAIN,YES,YES,YES,ABSTAIN,YES,YES,YES,YES,ABSTAIN,YES,NO,YES,NO,YES,YES,ABSTAIN,YES,YES,YES,YES,,YES,YES,YES,YES,YES,YES,,NO,YES,ABSTAIN,YES,YES,YES,YES,NO,YES,YES,YES,YES,YES,YES,YES,YES,ABSTAIN,YES,YES,YES,YES,YES,YES,YES,YES,YES,YES,YES,YES,YES,YES,YES,YES,YES,,YES,YES,ABSTAIN,ABSTAIN,YES,YES,YES,YES,YES,YES,YES,YES,ABSTAIN,YES,YES,YES,YES,YES,YES,YES,YES,NO,YES,YES,YES,ABSTAIN,YES,YES,NO,NO,YES,YES,YES,NO,YES,ABSTAIN,YES,YES,YES,YES,YES,YES,YES,YES,YES,YES,YES,YES,ABSTAIN,,YES,ABSTAIN,YES,YES,,YES,YES,YES,ABSTAIN,YES,YES,YES,ABSTAIN,NO,YES,YES,YES,NO,YES,YES,YES,YES,NO,YES,YES,,YES,YES,,YES,YES,,YES
A/RES/79/293,2025-06-16,International Day against Unilateral Coercive Measures,POLITICAL AND LEGAL QUESTIONS; INTERNATIONAL RELATIONS; COOPERATION BETWEEN ORGANIZATIONS; POLITICAL CONDITIONS; INSTITUTIONS; MOVEMENTS,https://digitallibrary.un.org/record/4083624,116,51,6,20,,YES,NO,NO,ABSTAIN,,YES,YES,NO,NO,YES,YES,NO,YES,YES,YES,NO,YES,ABSTAIN,NO,YES,YES,,YES,YES,YES,YES,YES,YES,NO,NO,YES,YES,YES,YES,YES,YES,YES,YES,YES,YES,YES,NO,NO,NO,YES,YES,NO,YES,YES,YES,YES,YES,NO,NO,YES,NO,YES,NO,NO,YES,NO,NO,YES,YES,YES,,YES,NO,YES,YES,YES,YES,NO,YES,NO,YES,YES,NO,YES,YES,NO,NO,NO,YES,YES,NO,ABSTAIN,YES,YES,YES,,YES,NO,YES,YES,YES,YES,YES,YES,NO,YES,,NO,NO,NO,,NO,NO,,YES,YES,NO,NO,YES,NO,,NO,YES,YES,YES,YES,YES,YES,YES,YES,YES,YES,NO,NO,YES,,NO,YES,YES,ABSTAIN,YES,YES,,,NO,YES,NO,ABSTAIN,YES,NO,YES,YES,YES,YES,YES,YES,YES,YES,YES,NO,,YES,YES,,YES,NO,NO,NO,YES,,YES,YES,YES,YES,YES,,YES,,YES,YES,ABSTAIN,,YES,YES,NO,YES,NO,YES,YES,,YES,YES,,YES,YES,YES,YES
A/RES/79/316,2025-06-30,Promoting interreligious and intercultural dialogue and tolerance in countering hate speech,CULTURE; PHILOSOPHY AND RELIGION; RELIGIOUS FREEDOM; SOCIAL CONDITIONS AND EQUITY; HUMAN RIGHTS; FREEDOM OF EXPRESSION; SOCIAL DEVELOPMENT; COMMUNITY PARTICIPATION,https://digitallibrary.un.org/record/4084391,111,1,44,37,,YES,ABSTAIN,ABSTAIN,YES,,YES,YES,YES,ABSTAIN,YES,,ABSTAIN,,,YES,ABSTAIN,YES,YES,ABSTAIN,YES,YES,,YES,YES,YES,,,,YES,YES,YES,YES,YES,YES,,YES,YES,,YES,YES,YES,ABSTAIN,ABSTAIN,ABSTAIN,YES,,ABSTAIN,YES,YES,YES,YES,,ABSTAIN,ABSTAIN,YES,ABSTAIN,YES,ABSTAIN,,YES,ABSTAIN,ABSTAIN,YES,,YES,YES,YES,ABSTAIN,,YES,YES,YES,ABSTAIN,,ABSTAIN,YES,YES,ABSTAIN,YES,YES,ABSTAIN,ABSTAIN,ABSTAIN,YES,YES,YES,YES,YES,YES,YES,YES,YES,YES,YES,ABSTAIN,YES,,YES,YES,ABSTAIN,YES,YES,ABSTAIN,ABSTAIN,ABSTAIN,YES,ABSTAIN,ABSTAIN,,YES,YES,YES,ABSTAIN,YES,ABSTAIN,YES,ABSTAIN,YES,,YES,YES,,YES,,YES,YES,,ABSTAIN,ABSTAIN,YES,,YES,YES,YES,YES,YES,YES,YES,,ABSTAIN,YES,ABSTAIN,YES,YES,ABSTAIN,YES,YES,YES,YES,YES,YES,,YES,YES,ABSTAIN,,ABSTAIN,YES,,YES,ABSTAIN,ABSTAIN,ABSTAIN,,,YES,YES,YES,YES,YES,,YES,,YES,YES,YES,,YES,YES,ABSTAIN,YES,NO,,,,YES,YES,,YES,YES,YES,YES
A/RES/79/315,2025-06-30,"The Wiphala as a symbol of harmony, balance and complementarity with Mother Earth",CULTURE; PHILOSOPHY AND RELIGION; ETHICS; NATURAL RESOURCES AND THE ENVIRONMENT; ENVIRONMENT,https://digitallibrary.un.org/record/4084392,139,2,5,47,,YES,YES,YES,YES,,YES,YES,YES,YES,,,YES,,,YES,YES,YES,YES,YES,YES,YES,,YES,YES,YES,,,,ABSTAIN,YES,YES,YES,YES,,,YES,YES,,YES,YES,YES,YES,YES,YES,YES,,YES,YES,YES,YES,YES,,YES,YES,,YES,YES,YES,,YES,YES,ABSTAIN,,,YES,YES,YES,YES,,YES,YES,YES,YES,,YES,YES,YES,YES,YES,YES,YES,NO,YES,YES,YES,YES,YES,YES,YES,YES,YES,YES,YES,YES,YES,YES,,YES,YES,YES,YES,YES,YES,YES,YES,,YES,YES,,YES,YES,YES,YES,,YES,YES,YES,YES,,YES,YES,,YES,,,,YES,YES,YES,YES,,YES,YES,YES,YES,ABSTAIN,YES,,,YES,YES,YES,ABSTAIN,YES,YES,YES,,YES,YES,YES,YES,,YES,YES,YES,,YES,YES,,YES,YES,YES,YES,,,YES,YES,YES,YES,YES,,YES,,YES,YES,ABSTAIN,,,YES,YES,YES,NO,,,,YES,YES,,YES,YES,YES,YES
A/RES/79/313,2025-06-30,Tackling illicit trafficking in wildlife,NATURAL RESOURCES AND THE ENVIRONMENT; WILDLIFE,https://digitallibrary.un.org/record/4084394,157,1,0,35,,YES,YES,YES,YES,YES,YES,YES,YES,YES,YES,,YES,,,YES,YES,YES,YES,YES,YES,YES,,YES,YES,YES,,,,YES,YES,YES,YES,YES,YES,,YES,YES,,YES,YES,YES,YES,YES,YES,YES,,YES,,YES,YES,YES,YES,YES,YES,YES,YES,YES,YES,YES,YES,YES,YES,,YES,YES,YES,YES,YES,,YES,YES,YES,YES,,YES,YES,YES,YES,YES,YES,YES,,YES,YES,YES,YES,YES,YES,YES,YES,YES,YES,YES,YES,YES,YES,,YES,YES,YES,YES,YES,YES,YES,YES,YES,YES,YES,,YES,YES,YES,YES,YES,YES,,YES,YES,YES,YES,YES,,YES,YES,YES,YES,,YES,YES,YES,,YES,YES,YES,YES,YES,YES,YES,YES,YES,,YES,YES,YES,YES,YES,,YES,YES,YES,YES,YES,,YES,YES,,YES,YES,,YES,YES,YES,YES,,YES,YES,YES,YES,YES,YES,,YES,,YES,YES,YES,,YES,YES,YES,YES,NO,,,,YES,YES,,YES,YES,YES,YES
A/RES/79/308,2025-06-30,Financing of the United Nations Interim Force in Lebanon,POLITICAL AND LEGAL QUESTIONS; MAINTENANCE OF PEACE AND SECURITY; PEACEKEEPING OPERATIONS; INTERNATIONAL RELATIONS; DIPLOMATIC RELATIONS,https://digitallibrary.un.org/record/4084395,147,3,1,42,,YES,YES,YES,YES,NO,YES,YES,YES,YES,YES,,YES,,YES,YES,YES,YES,YES,YES,YES,YES,,YES,YES,YES,,,,YES,YES,YES,YES,YES,YES,,YES,YES,,YES,YES,YES,YES,YES,YES,YES,,YES,YES,YES,YES,YES,YES,YES,YES,YES,YES,,YES,,YES,YES,YES,YES,YES,YES,YES,YES,YES,,YES,YES,YES,YES,,YES,YES,YES,YES,YES,YES,YES,NO,YES,YES,YES,YES,,YES,,YES,YES,YES,YES,YES,YES,YES,,YES,,YES,YES,YES,YES,YES,YES,YES,YES,YES,,YES,YES,,YES,YES,YES,YES,YES,YES,YES,YES,YES,,YES,YES,YES,YES,YES,YES,YES,YES,,YES,YES,YES,YES,YES,YES,,,YES,YES,YES,ABSTAIN,YES,YES,YES,,YES,YES,YES,YES,,,YES,YES,,YES,YES,,YES,YES,YES,YES,,YES,YES,YES,,YES,,,,,YES,YES,YES,,YES,YES,YES,YES,NO,,,,YES,,,YES,YES,,YES
A/RES/79/314,2025-06-30,"Our Ocean, Our Future : United for Urgent Action",NATURAL RESOURCES AND THE ENVIRONMENT; MARINE RESOURCES; ENVIRONMENT,https://digitallibrary.un.org/record/4084393,162,1,0,30,,YES,YES,YES,YES,YES,YES,YES,YES,YES,YES,,YES,,,YES,YES,YES,YES,YES,YES,YES,,YES,YES,YES,,,,YES,YES,YES,YES,YES,YES,,YES,YES,,YES,YES,YES,YES,YES,YES,YES,,YES,YES,YES,YES,YES,YES,YES,YES,YES,YES,YES,YES,YES,YES,YES,YES,,YES,YES,YES,YES,YES,,YES,YES,YES,YES,,YES,YES,YES,YES,YES,YES,YES,,YES,YES,YES,YES,YES,YES,YES,YES,YES,YES,YES,YES,YES,YES,,YES,YES,YES,YES,YES,YES,YES,YES,YES,YES,YES,,YES,YES,YES,YES,YES,YES,YES,YES,YES,YES,YES,YES,,YES,YES,YES,YES,YES,YES,YES,YES,,YES,YES,YES,YES,YES,YES,YES,YES,YES,YES,YES,YES,YES,YES,YES,,YES,YES,YES,YES,YES,YES,YES,YES,,YES,YES,,YES,YES,YES,YES,,YES,YES,YES,YES,YES,YES,,YES,,YES,YES,YES,,YES,YES,YES,YES,NO,,,,YES,YES,,YES,YES,YES,YES
A/RES/79/317,2025-07-07,The situation in Afghanistan,POLITICAL AND LEGAL QUESTIONS; POLITICAL CONDITIONS; INSTITUTIONS; MOVEMENTS; INTERNATIONAL RELATIONS; DIPLOMACY; MAINTENANCE OF PEACE AND SECURITY; PEACEKEEPING OPERATIONS; POLITICAL EVENTS AND ISSUES; AFGHANISTAN SITUATION,https://digitallibrary.un.org/record/4084801,116,2,12,63,,YES,YES,YES,YES,,YES,,YES,YES,,,YES,,,YES,YES,YES,,,ABSTAIN,,,YES,,YES,YES,,,YES,YES,YES,ABSTAIN,YES,ABSTAIN,,,YES,,YES,YES,YES,YES,YES,YES,,,YES,,YES,YES,YES,,YES,YES,ABSTAIN,YES,,YES,YES,,YES,YES,YES,,,,,YES,,YES,YES,YES,YES,,YES,YES,ABSTAIN,YES,ABSTAIN,YES,YES,NO,YES,,YES,YES,YES,,YES,YES,,YES,YES,YES,YES,YES,,YES,,YES,YES,,YES,YES,YES,YES,YES,YES,,YES,YES,YES,YES,ABSTAIN,YES,YES,YES,YES,ABSTAIN,,YES,,YES,ABSTAIN,,,,YES,YES,YES,,YES,YES,YES,YES,YES,YES,YES,YES,YES,ABSTAIN,YES,YES,YES,YES,ABSTAIN,,YES,,,YES,,,YES,YES,,YES,,,YES,YES,YES,YES,,,,YES,YES,YES,YES,,YES,,YES,YES,YES,,,,YES,YES,NO,YES,,,YES,,,YES,YES,,ABSTAIN
A/RES/79/319,2025-07-25,"Interaction between the United Nations, national parliaments and the Inter-Parliamentary Union",POLITICAL AND LEGAL QUESTIONS; POLITICAL CONDITIONS; INSTITUTIONS; MOVEMENTS; LEGISLATIVE BODIES; INTERNATIONAL RELATIONS; COOPERATION BETWEEN ORGANIZATIONS,https://digitallibrary.un.org/record/4085849,153,1,0,39,,YES,YES,YES,YES,,YES,,YES,YES,YES,YES,YES,,,YES,YES,YES,YES,YES,YES,,,YES,,YES,YES,,YES,YES,YES,YES,YES,YES,YES,YES,,YES,,,YES,YES,YES,YES,YES,YES,,YES,YES,YES,YES,YES,YES,YES,YES,YES,YES,YES,YES,,YES,YES,YES,YES,YES,YES,,YES,YES,,YES,YES,,YES,,YES,YES,YES,YES,YES,YES,YES,,YES,,YES,YES,YES,YES,YES,YES,YES,YES,YES,YES,YES,YES,YES,YES,,YES,YES,YES,YES,YES,YES,YES,YES,YES,,YES,YES,YES,YES,YES,YES,YES,YES,YES,,YES,YES,,YES,,YES,YES,,YES,YES,YES,,YES,YES,YES,YES,YES,YES,YES,YES,YES,YES,YES,YES,YES,YES,YES,YES,YES,YES,YES,YES,,YES,YES,YES,,YES,,,YES,YES,YES,YES,,,YES,YES,YES,YES,YES,,YES,,YES,YES,YES,,YES,YES,YES,YES,NO,YES,,,YES,YES,,YES,YES,YES,YES
A/RES/79/321,2025-07-25,Follow-up to the Declaration and Programme of Action on a Culture of Peace,CULTURE; CULTURAL DEVELOPMENT; CULTURAL COOPERATION; PHILOSOPHY AND RELIGION; ETHICS,https://digitallibrary.un.org/record/4085850,149,2,1,41,,YES,YES,YES,YES,,YES,,YES,YES,YES,YES,YES,,,YES,YES,YES,YES,YES,YES,,,YES,,YES,YES,,,YES,YES,YES,YES,YES,YES,,,YES,,,YES,YES,YES,YES,YES,,,YES,YES,YES,YES,YES,YES,YES,YES,YES,YES,,YES,,YES,YES,YES,YES,,YES,,,YES,ABSTAIN,YES,YES,,YES,,YES,YES,YES,YES,YES,YES,YES,NO,YES,YES,YES,YES,YES,YES,YES,YES,YES,YES,YES,YES,YES,YES,YES,YES,,YES,YES,,YES,YES,YES,YES,YES,YES,,YES,YES,YES,YES,YES,YES,YES,YES,YES,,YES,YES,,YES,,YES,YES,YES,YES,YES,YES,,YES,YES,YES,YES,YES,YES,YES,YES,YES,YES,YES,YES,YES,YES,YES,YES,YES,YES,YES,YES,,YES,YES,YES,,YES,,,YES,YES,YES,YES,,,YES,YES,YES,YES,YES,YES,YES,,YES,YES,YES,,YES,YES,YES,YES,NO,YES,,,YES,YES,,YES,YES,YES,YES
A/RES/79/323,2025-08-25,Sevilla Commitment,RECOMMENDATIONS; POLITICAL AND LEGAL QUESTIONS; POLITICAL CONDITIONS; INSTITUTIONS; MOVEMENTS; POLITICAL EVENTS AND ISSUES,https://digitallibrary.un.org/record/4087202,158,2,1,32,,YES,YES,YES,YES,ABSTAIN,YES,YES,YES,YES,YES,YES,YES,,,YES,YES,YES,YES,YES,YES,YES,,YES,YES,YES,YES,,,YES,YES,YES,YES,YES,YES,YES,,YES,,,YES,YES,YES,YES,YES,YES,,YES,YES,YES,YES,YES,YES,YES,YES,YES,YES,YES,YES,YES,,YES,YES,YES,,YES,YES,YES,YES,,YES,YES,,YES,YES,YES,YES,YES,YES,YES,YES,YES,NO,YES,YES,YES,YES,YES,YES,YES,YES,YES,YES,YES,YES,YES,YES,,YES,YES,YES,YES,YES,YES,YES,YES,YES,,,,YES,YES,YES,YES,,YES,YES,YES,YES,YES,YES,YES,YES,YES,YES,,YES,YES,YES,YES,YES,,YES,YES,YES,YES,YES,YES,YES,YES,YES,YES,YES,YES,YES,YES,YES,YES,YES,YES,YES,YES,YES,YES,YES,YES,,,,,YES,YES,YES,YES,,,YES,YES,YES,YES,YES,,YES,,YES,YES,YES,YES,YES,YES,YES,YES,NO,,YES,,YES,YES,,YES,YES,YES,YES
A/RES/79/326,2025-08-26,Cooperation between the United Nations and the Commonwealth of Independent States,POLITICAL AND LEGAL QUESTIONS; INTERNATIONAL RELATIONS; COOPERATION BETWEEN ORGANIZATIONS,https://digitallibrary.un.org/record/4087205,114,1,19,59,,YES,ABSTAIN,YES,YES,,YES,YES,YES,YES,,YES,YES,,,YES,ABSTAIN,YES,YES,YES,YES,,,YES,,YES,,,,YES,YES,YES,YES,,,,,YES,,,YES,YES,YES,YES,YES,YES,,ABSTAIN,YES,YES,YES,YES,YES,YES,ABSTAIN,YES,ABSTAIN,,YES,,,ABSTAIN,ABSTAIN,,,,,,YES,,YES,YES,,ABSTAIN,YES,YES,YES,YES,YES,YES,YES,ABSTAIN,,YES,YES,YES,YES,YES,YES,YES,YES,YES,YES,YES,YES,YES,YES,,YES,YES,YES,YES,YES,ABSTAIN,YES,ABSTAIN,YES,YES,ABSTAIN,,YES,YES,YES,YES,YES,YES,YES,YES,YES,,YES,YES,YES,YES,,,YES,YES,YES,ABSTAIN,YES,,YES,YES,,YES,YES,YES,YES,ABSTAIN,ABSTAIN,YES,YES,ABSTAIN,YES,ABSTAIN,YES,,YES,,YES,YES,YES,,YES,YES,,,,,YES,YES,YES,ABSTAIN,,,,YES,,YES,YES,YES,,,,YES,YES,,,,ABSTAIN,YES,NO,YES,,,YES,,,YES,YES,,
A/RES/79/329,2025-09-05,Cooperation between the United Nations and the African Union,POLITICAL AND LEGAL QUESTIONS; INTERNATIONAL RELATIONS; COOPERATION BETWEEN ORGANIZATIONS; POLITICAL CONDITIONS; INSTITUTIONS; MOVEMENTS,https://digitallibrary.un.org/record/4087776,169,1,0,23,,YES,YES,YES,YES,,YES,YES,YES,YES,YES,YES,YES,YES,YES,YES,YES,YES,YES,YES,YES,,,YES,YES,YES,YES,,YES,YES,YES,YES,YES,YES,YES,YES,YES,YES,YES,YES,YES,YES,YES,YES,YES,YES,,YES,YES,YES,YES,YES,YES,YES,YES,YES,YES,YES,YES,YES,YES,YES,YES,YES,YES,YES,YES,YES,YES,,YES,YES,,YES,YES,YES,YES,YES,YES,YES,,YES,,YES,YES,YES,YES,YES,YES,YES,YES,YES,YES,YES,YES,YES,YES,YES,YES,,YES,YES,YES,YES,YES,YES,YES,YES,YES,,YES,YES,YES,YES,YES,YES,YES,YES,YES,YES,YES,YES,,YES,,YES,YES,YES,YES,YES,YES,,YES,YES,YES,YES,YES,YES,YES,,YES,YES,YES,YES,YES,YES,YES,YES,YES,YES,YES,YES,YES,YES,YES,YES,YES,YES,YES,YES,YES,YES,YES,YES,,YES,,YES,YES,YES,YES,,YES,YES,YES,YES,YES,,YES,YES,YES,YES,NO,YES,,,YES,YES,,YES,YES,YES,YES
A/RES/79/330,2025-09-05,Cooperation between the United Nations and the Economic Cooperation Organization,,https://digitallibrary.un.org/record/4087777,118,36,11,28,,YES,ABSTAIN,NO,YES,,NO,YES,YES,NO,YES,YES,NO,,YES,YES,NO,YES,YES,ABSTAIN,YES,YES,,YES,YES,YES,YES,,YES,YES,ABSTAIN,YES,YES,YES,YES,YES,YES,YES,YES,YES,YES,YES,NO,NO,NO,YES,,NO,YES,YES,YES,YES,YES,NO,NO,YES,NO,YES,NO,YES,YES,YES,ABSTAIN,,,YES,,YES,NO,,YES,YES,,NO,YES,ABSTAIN,YES,NO,NO,YES,YES,ABSTAIN,,NO,YES,YES,YES,YES,YES,YES,YES,ABSTAIN,YES,YES,YES,YES,YES,,YES,,ABSTAIN,YES,YES,NO,NO,NO,YES,NO,NO,,YES,YES,YES,ABSTAIN,YES,NO,YES,NO,YES,YES,YES,YES,,YES,YES,YES,YES,YES,NO,ABSTAIN,YES,,YES,YES,YES,YES,YES,YES,YES,,NO,YES,NO,ABSTAIN,YES,NO,YES,,YES,YES,,YES,YES,YES,YES,NO,YES,NO,,,YES,NO,NO,NO,,YES,,YES,YES,YES,YES,YES,YES,YES,YES,YES,YES,,YES,YES,NO,YES,NO,YES,,,YES,YES,,YES,YES,YES,YES
A/RES/79/331,2025-09-05,Cooperation between the United Nations and the International Organization of la Francophonie,POLITICAL AND LEGAL QUESTIONS; INTERNATIONAL RELATIONS; COOPERATION BETWEEN ORGANIZATIONS; CULTURE; LANGUAGE; FRANCOPHONIE; COMMUNICATION AND MASS MEDIA,https://digitallibrary.un.org/record/4087778,167,1,3,22,,YES,YES,YES,YES,YES,YES,YES,YES,YES,ABSTAIN,YES,YES,,,YES,YES,YES,YES,YES,YES,YES,,YES,YES,YES,YES,,YES,YES,YES,YES,YES,YES,YES,YES,YES,YES,YES,YES,YES,YES,YES,YES,YES,YES,YES,YES,YES,YES,YES,YES,YES,YES,YES,YES,YES,YES,YES,YES,YES,YES,YES,YES,YES,YES,YES,YES,YES,,YES,YES,YES,YES,YES,YES,YES,YES,YES,YES,YES,YES,,YES,YES,YES,YES,YES,YES,YES,YES,YES,YES,YES,YES,YES,YES,YES,YES,,YES,YES,YES,YES,YES,YES,YES,YES,YES,,YES,YES,YES,YES,,YES,YES,YES,YES,YES,YES,YES,,YES,YES,,YES,,YES,YES,YES,,YES,YES,YES,YES,YES,YES,YES,YES,YES,YES,YES,YES,YES,YES,YES,YES,YES,YES,YES,YES,YES,YES,YES,YES,,YES,ABSTAIN,YES,YES,YES,YES,YES,,YES,YES,YES,YES,YES,YES,,YES,YES,YES,YES,ABSTAIN,,YES,YES,YES,YES,NO,,,,YES,YES,,YES,YES,YES,YES
A/RES/79/332,2025-09-05,Cooperation between the United Nations and the Shanghai Cooperation Organization,POLITICAL AND LEGAL QUESTIONS; INTERNATIONAL RELATIONS; COOPERATION BETWEEN ORGANIZATIONS; POLITICAL CONDITIONS; INSTITUTIONS; MOVEMENTS,https://digitallibrary.un.org/record/4087780,120,27,28,18,,YES,ABSTAIN,ABSTAIN,YES,,YES,YES,NO,ABSTAIN,YES,YES,ABSTAIN,YES,YES,YES,NO,YES,YES,ABSTAIN,YES,YES,,YES,YES,YES,YES,YES,YES,NO,ABSTAIN,YES,YES,YES,YES,YES,YES,YES,YES,YES,YES,YES,ABSTAIN,NO,NO,YES,YES,NO,YES,YES,YES,YES,YES,ABSTAIN,NO,YES,NO,ABSTAIN,NO,ABSTAIN,YES,NO,,YES,,YES,YES,YES,NO,,YES,YES,YES,NO,YES,ABSTAIN,YES,YES,NO,YES,YES,NO,NO,ABSTAIN,YES,YES,ABSTAIN,YES,YES,YES,YES,YES,YES,ABSTAIN,YES,YES,YES,YES,YES,,ABSTAIN,YES,YES,NO,NO,NO,YES,ABSTAIN,NO,,YES,YES,,ABSTAIN,YES,ABSTAIN,ABSTAIN,ABSTAIN,YES,YES,YES,,,YES,YES,YES,YES,YES,NO,NO,YES,YES,NO,YES,YES,ABSTAIN,YES,YES,,ABSTAIN,NO,YES,ABSTAIN,ABSTAIN,YES,NO,YES,YES,YES,YES,YES,ABSTAIN,YES,YES,YES,ABSTAIN,YES,YES,YES,YES,YES,ABSTAIN,ABSTAIN,NO,,YES,,YES,YES,YES,YES,YES,YES,YES,YES,YES,YES,,YES,YES,NO,YES,NO,YES,,,YES,YES,,YES,YES,YES,YES
A/RES/79/333,2025-09-05,"Scope, modalities, format and organization of the High-Level Meeting on Pandemic Prevention, Preparedness and Response",HEALTH; DISEASE PREVENTION AND CONTROL; DISEASES AND CARRIERS OF DISEASES; COMMUNICABLE DISEASES,https://digitallibrary.un.org/record/4087781,158,2,2,31,,YES,YES,YES,YES,NO,YES,YES,YES,YES,,,YES,,YES,YES,YES,YES,YES,YES,YES,YES,,YES,YES,YES,YES,YES,,YES,YES,YES,YES,YES,YES,YES,YES,YES,YES,YES,YES,YES,YES,YES,YES,YES,,YES,YES,YES,YES,YES,YES,YES,YES,YES,YES,YES,YES,YES,YES,YES,YES,,,YES,,YES,YES,,YES,YES,,YES,,YES,YES,YES,YES,YES,YES,YES,,YES,YES,YES,YES,YES,YES,,YES,YES,YES,YES,YES,ABSTAIN,YES,YES,YES,,YES,YES,YES,YES,YES,YES,YES,YES,YES,,YES,YES,YES,YES,YES,YES,YES,YES,YES,YES,YES,YES,,YES,,YES,YES,YES,YES,YES,YES,,YES,YES,YES,YES,YES,YES,YES,YES,YES,YES,YES,YES,YES,YES,YES,YES,YES,YES,YES,YES,YES,YES,YES,YES,YES,YES,ABSTAIN,,YES,YES,YES,YES,,,,YES,YES,YES,YES,,YES,YES,YES,YES,YES,,YES,YES,YES,YES,NO,,,,YES,,,YES,YES,YES,YES
A/RES/79/334,2025-09-05,Impact of rapid technological change on the achievement of the Sustainable Development Goals and targets,SCIENCE AND TECHNOLOGY; DEVELOPMENT AND TRANSFER OF TECHNOLOGY AND PROMOTION OF SCIENCE; TECHNOLOGICAL CHANGE; ECONOMIC DEVELOPMENT AND DEVELOPMENT FINANCE; DEVELOPMENT; DEVELOPMENT ASPECTS,https://digitallibrary.un.org/record/4087782,157,2,1,33,,YES,YES,YES,YES,NO,YES,YES,YES,YES,YES,,YES,,YES,YES,YES,YES,YES,YES,YES,YES,,YES,YES,YES,YES,,,YES,YES,YES,YES,YES,YES,YES,YES,YES,YES,YES,YES,YES,YES,YES,YES,YES,,YES,YES,YES,YES,YES,YES,YES,YES,YES,YES,,YES,YES,YES,YES,YES,,,YES,,YES,YES,,YES,YES,YES,YES,YES,YES,YES,YES,YES,YES,YES,YES,,YES,YES,YES,YES,YES,YES,YES,YES,YES,YES,YES,YES,YES,YES,YES,YES,,YES,YES,YES,YES,YES,YES,YES,YES,YES,,YES,YES,YES,YES,YES,YES,YES,YES,YES,YES,YES,YES,,YES,YES,YES,YES,YES,YES,YES,YES,,YES,YES,YES,YES,YES,YES,YES,,YES,YES,YES,ABSTAIN,YES,YES,YES,YES,,YES,,YES,,YES,YES,YES,YES,YES,,,YES,YES,YES,YES,,,YES,YES,YES,YES,YES,,YES,YES,YES,YES,YES,,YES,,YES,YES,NO,,,,YES,,,YES,YES,YES,YES
A/DEC/80/506,2025-09-12,Endorsement of the New York Declaration on the Peaceful Settlement of the Question of Palestine and the Implementation of the Two-State Solution,POLITICAL AND LEGAL QUESTIONS; INTERNATIONAL RELATIONS; DIPLOMACY; MAINTENANCE OF PEACE AND SECURITY; PEACE AGREEMENTS; POLITICAL CONDITIONS; INSTITUTIONS; MOVEMENTS; DEMOCRACY,https://digitallibrary.un.org/record/4088074,142,10,12,29,,YES,ABSTAIN,YES,YES,NO,YES,,YES,YES,YES,YES,YES,,YES,YES,YES,YES,YES,YES,YES,YES,,YES,YES,YES,,YES,,YES,YES,YES,YES,YES,ABSTAIN,ABSTAIN,YES,YES,YES,YES,YES,YES,YES,ABSTAIN,YES,YES,,YES,YES,YES,ABSTAIN,YES,,YES,YES,ABSTAIN,YES,ABSTAIN,YES,NO,YES,YES,,YES,YES,YES,,,YES,,ABSTAIN,YES,,YES,,NO,YES,YES,YES,,,YES,NO,YES,YES,YES,YES,YES,YES,YES,YES,,YES,YES,YES,YES,YES,,YES,YES,YES,YES,YES,YES,YES,YES,YES,,ABSTAIN,,YES,YES,YES,ABSTAIN,YES,YES,YES,YES,YES,YES,YES,YES,,YES,YES,YES,YES,YES,YES,YES,YES,NO,YES,YES,YES,,YES,YES,NO,NO,YES,YES,YES,NO,YES,YES,YES,YES,YES,YES,YES,YES,YES,YES,YES,YES,YES,YES,ABSTAIN,,YES,YES,YES,YES,,YES,YES,YES,YES,YES,YES,YES,YES,NO,YES,,YES,,YES,YES,YES,YES,NO,YES,YES,,YES,,ABSTAIN,YES,YES,,YES
